gene,symbol,ecocyc_id,start,end,strand
b0001,thrL,EG11277,190,255,+
b0002,thrA,EG10998,337,2799,+
b0003,thrB,EG10999,2801,3733,+
b0004,thrC,EG11000,3734,5020,+
b0005,yaaX,G6081,5234,5530,+
b0006,yaaA,EG10011,5683,6459,-
b0007,yaaJ,EG11555,6529,7959,-
b0008,talB,EG11556,8238,9191,+
b0009,mogA,EG11511,9306,9893,+
b0010,satP,EG11512,9928,10494,-
b0011,yaaW,G6082,10643,11356,-
b0012,mbiA,EG11509,10830,11315,+
b0013,yaaI,G8202,11382,11786,-
b0014,dnaK,EG10241,12163,14079,+
b0015,dnaJ,EG10240,14168,15298,+
b0016,insL1,G6083,15445,16557,+
b0018,mokC,EG10373,16751,16960,-
b4412,hokC,G0-9563,16751,16903,-
b4413,sokC,G0-9581,16952,17010,+
b0019,nhaA,EG10652,17489,18655,+
b0020,nhaR,EG11078,18715,19620,+
b0021,insB1,G6085,19811,20314,-
b0022,insA1,G6086,20233,20508,-
b0023,rpsT,EG10919,20815,21078,-
b0024,yaaY,G6087,21181,21399,+
b0025,ribF,EG11079,21407,22348,+
b0026,ileS,EG10492,22391,25207,+
b0027,lspA,EG10548,25207,25701,+
b0028,fkpB,EG11080,25826,26275,+
b0029,ispH,EG11081,26277,27227,+
b0030,rihC,EG11082,27293,28207,+
b0031,dapB,EG10206,28374,29195,+
b0032,carA,EG10134,29651,30799,+
b0033,carB,EG10135,30817,34038,+
b0034,caiF,G6088,34300,34695,+
b0035,caiE,EG12608,34781,35371,-
b0036,caiD,EG11557,35377,36162,-
b0037,caiC,EG11558,36271,37824,-
b0038,caiB,EG11559,37898,39115,-
b0039,caiA,EG11560,39244,40386,-
b0040,caiT,EG11561,40417,41931,-
b0041,fixA,EG11562,42403,43173,+
b0042,fixB,EG11563,43188,44129,+
b0043,fixC,EG11564,44180,45466,+
b0044,fixX,EG11565,45463,45750,+
b0045,yaaU,EG11566,45807,47138,+
b0046,kefF,EG11568,47246,47776,+
b0047,kefC,EG10521,47769,49631,+
b0048,folA,EG10326,49823,50302,+
b0049,apaH,EG10048,50380,51222,-
b0050,apaG,EG10047,51229,51606,-
b0051,rsmA,EG10523,51609,52430,-
b0052,pdxA,EG10691,52427,53416,-
b0053,surA,EG10985,53416,54702,-
b0054,lptD,EG11569,54755,57109,-
b0055,djlA,EG11570,57364,58179,+
b0056,yabP,EG12610,58474,59124,+
b0057,yabQ,EG12611,59121,59279,+
b0058,rluA,EG12609,59687,60346,-
b0059,rapA,EG11083,60358,63264,-
b0060,polB,EG10747,63429,65780,-
b0061,araD,EG10055,65855,66550,-
b0062,araA,EG10052,66835,68337,-
b0063,araB,EG10053,68348,70048,-
b0064,araC,EG10054,70387,71265,+
b0065,yabI,EG11571,71351,72115,+
b0066,thiQ,EG11572,72229,72927,-
b0067,thiP,EG11573,72911,74521,-
b0068,thiB,EG11574,74497,75480,-
b4762,sroA,G0-9381,75516,75608,-
b0069,sgrR,EG12094,75644,77299,-
b4577,sgrS,G0-9941,77367,77593,+
b4662,sgrT,G0-10617,77388,77519,+
b0070,setA,EG11754,77621,78799,+
b0071,leuD,EG11575,78848,79453,-
b0072,leuC,EG11576,79464,80864,-
b0073,leuB,EG11577,80867,81958,-
b0074,leuA,EG11226,81958,83529,-
b0075,leuL,EG11280,83622,83708,-
b0076,leuO,EG10531,84368,85312,+
b4726,yabR,G0-16721,85467,85511,-
b0077,ilvI,EG10500,85630,87354,+
b0078,ilvH,EG10499,87357,87848,+
b0080,cra,EG10338,88028,89032,+
b0081,mraZ,EG11084,89634,90092,+
b0082,rsmH,EG11085,90094,91035,+
b0083,ftsL,EG11086,91032,91397,+
b0084,ftsI,EG10341,91413,93179,+
b0085,murE,EG10621,93166,94653,+
b0086,murF,EG10622,94650,96008,+
b0087,mraY,EG10604,96002,97084,+
b0088,murD,EG10620,97087,98403,+
b0089,ftsW,EG10344,98403,99647,+
b0090,murG,EG10623,99644,100711,+
b0091,murC,EG10619,100765,102240,+
b0092,ddlB,EG10214,102233,103153,+
b0093,ftsQ,EG10342,103155,103985,+
b0094,ftsA,EG10339,103982,105244,+
b0095,ftsZ,EG10347,105305,106456,+
b0096,lpxC,EG10265,106557,107474,+
b0097,secM,EG11087,107705,108217,+
b0098,secA,EG10936,108279,110984,+
b0099,mutT,EG10626,111044,111433,+
b0101,yacG,EG12314,111649,111846,-
b0102,zapD,EG12313,111856,112599,-
b0103,coaE,EG12312,112599,113219,-
b4727,yacM,G0-16722,113244,113288,+
b0104,guaC,EG10422,113444,114487,+
b0106,hofC,EG11798,114522,115724,-
b0107,hofB,EG12106,115714,117099,-
b0108,ppdD,EG12107,117109,117549,-
b0109,nadC,EG11546,117752,118645,-
b0110,ampD,EG10041,118733,119284,+
b0111,ampE,EG10042,119281,120135,+
b0112,aroP,EG10084,120178,121551,-
b0113,pdhR,EG11088,122092,122856,+
b0114,aceE,EG10024,123017,125680,+
b0115,aceF,EG10025,125695,127587,+
b0116,lpd,EG10543,127912,129336,+
b0117,yacH,EG12315,129407,131260,-
b0118,acnB,EG12316,131615,134212,+
b0119,yacL,EG12605,134388,134750,+
b0120,speD,EG10962,134788,135582,-
b0121,speE,EG10963,135598,136464,-
b0122,yacC,EG11089,136570,136917,-
b0123,cueO,EG12318,137083,138633,+
b0124,gcd,EG10369,138835,141225,-
b0125,hpt,EG20098,141431,141967,+
b0126,can,EG12319,142008,142670,-
b0127,yadG,EG12320,142779,143705,+
b0128,yadH,EG12321,143702,144472,+
b0129,yadI,EG12322,144577,145017,+
b0130,yadE,EG11749,145081,146310,+
b0131,panD,EG11747,146314,146694,-
b0132,rpnC,EG11748,146968,147870,+
b0133,panC,EG11746,147944,148795,-
b0134,panB,EG11675,148807,149601,-
b0135,yadC,EG11678,149715,150953,-
b0136,yadK,EG12325,151003,151599,-
b0137,yadL,EG12326,151626,152231,-
b0138,yadM,EG12327,152243,152812,-
b0139,htrE,EG11972,152829,155426,-
b0140,yadV,EG11973,155461,156201,-
b0141,yadN,EG12328,156299,156883,-
b0142,folK,EG11374,157253,157732,-
b0143,pcnB,EG10690,157729,159126,-
b0144,gluQ,EG11362,159186,160112,-
b0145,dksA,EG10230,160149,160604,-
b0146,sfsA,EG10949,160782,161486,-
b0147,thpR,EG12330,161501,162031,-
b0148,hrpB,EG12329,162105,164534,+
b0149,mrcB,EG10605,164730,167264,+
b0150,fhuA,EG10302,167484,169727,+
b0151,fhuC,EG10304,169778,170575,+
b0152,fhuD,EG10305,170575,171465,+
b0153,fhuB,EG10303,171462,173444,+
b0154,hemL,EG10432,173602,174882,-
b4765,yadX,G0-17011,175048,175095,+
b0155,clcA,EG12331,175107,176528,+
b4728,yadW,G0-16723,176552,176617,+
b0156,erpA,EG12332,176610,176954,+
b0157,yadS,EG12333,177001,177624,-
b0158,btuF,EG12334,177662,178462,-
b0159,mtn,EG11090,178455,179153,-
b0160,dgt,EG10225,179237,180754,+
b0161,degP,EG10463,180884,182308,+
b0162,cdaR,EG12335,182463,183620,+
b0163,yaeH,EG12336,183709,184095,-
b0164,yaeI,EG12337,184257,185069,-
b0166,dapD,EG10207,185123,185947,-
b0167,glnD,EG11411,185978,188650,-
b0168,map,EG10570,188712,189506,-
b4414,tff,G0-8895,189712,189847,+
b0169,rpsB,EG10901,189874,190599,+
b0170,tsf,EG11033,190857,191708,+
b0171,pyrH,EG11539,191855,192580,+
b0172,frr,EG10335,192872,193429,+
b0173,dxr,EG12715,193521,194717,+
b0174,ispU,G6092,194903,195664,+
b0175,cdsA,EG10139,195677,196534,+
b0176,rseP,EG12436,196546,197898,+
b0177,bamA,G6093,197928,200360,+
b0178,skp,EG10455,200482,200967,+
b0179,lpxD,EG10316,200971,201996,+
b0180,fabZ,EG11284,202101,202556,+
b0181,lpxA,EG10545,202560,203348,+
b0182,lpxB,EG10546,203348,204496,+
b0183,rnhB,EG10861,204493,205089,+
b0184,dnaE,EG10238,205126,208608,+
b0185,accA,EG11647,208621,209580,+
b0186,ldcC,G6094,209679,211820,+
b0187,yaeR,G6095,211877,212266,+
b0188,tilS,G6096,212331,213629,+
b0189,rof,G6097,213678,213932,-
b4406,yaeP,G372,213925,214125,-
b0190,yaeQ,G6098,214291,214836,+
b0191,arfB,EG12354,214833,215255,+
b0192,nlpE,EG12137,215269,215979,+
b0193,yaeF,EG12138,216179,217003,-
b0194,proS,EG10770,217057,218775,-
b0195,trmO,EG11503,218887,219594,-
b0196,rcsF,EG11502,219591,219995,-
b0197,metQ,EG11504,220113,220928,-
b0198,metI,EG11737,220968,221621,-
b0199,metN,EG11621,221614,222645,-
b0200,gmhB,EG11736,222833,223408,+
b0201,rrsH,EG30090,223771,225312,+
b0202,ileV,EG30045,225381,225457,+
b0203,alaV,EG30010,225500,225575,+
b0204,rrlH,EG30083,225759,228662,+
b0205,rrfH,EG30076,228756,228875,+
b0206,aspU,EG30024,228928,229004,+
b0207,dkgB,EG11648,229167,229970,+
b0208,yafC,EG11649,229967,230881,-
b0209,yafD,EG11650,231122,231922,+
b0210,yafE,EG11651,231926,232549,+
b0211,mltD,EG10246,232597,233955,-
b0212,gloB,G6099,234027,234782,-
b0213,yafS,G6100,234816,235538,+
b0214,rnhA,EG10860,235535,236002,-
b0215,dnaQ,EG10243,236067,236798,+
b0216,aspV,EG30025,236931,237007,+
b0217,yafT,G6101,237335,238120,+
b4586,ykfM,G0-10583,238257,238736,-
b0219,yafV,G6103,239419,240189,-
b0220,ivy,G6104,240343,240816,+
b0221,fadE,G6105,240859,243303,-
b0222,gmhA,G6106,243543,244121,+
b0223,yafJ,G6107,244327,245094,+
b0224,dpaA,G6108,245065,245805,-
b0225,yafQ,G6109,245961,246239,-
b0226,dinJ,G6110,246242,246502,-
b0227,yafL,G6111,246712,247461,+
b0228,rayT,G6112,247637,248134,+
b0231,dinB,G6115,250898,251953,+
b0232,yafN,G6116,252005,252298,+
b0233,yafO,G6117,252301,252699,+
b0234,yafP,G6118,252709,253161,+
b0237,pepD,EG10695,254259,255716,-
b0238,gpt,EG10414,255977,256435,+
b0239,frsA,EG11091,256527,257771,+
b4710,insB9,G0-16637,257923,258426,-
b4709,insA9,G0-16638,258345,258620,-
b0241,phoE,EG10729,259045,260100,-
b0242,proB,EG10768,260388,261491,+
b0243,proA,EG10767,261503,262756,+
b0244,thrW,EG30104,262871,262946,+
b0245,ykfI,G6120,263328,263669,-
b0246,yafW,G6121,263690,264007,-
b4504,ykfH,G0-10432,264026,264247,-
b0247,ykfG,G6122,264256,264732,-
b0248,yafX,G6123,264748,265206,-
b0249,ykfF,G6124,265304,265543,-
b0250,ykfB,G6125,265620,266087,-
b0251,yafY,G6126,266110,266553,-
b0252,yafZ,G6127,267184,268005,-
b0253,ykfA,G6128,268097,268960,-
b0254,perR,G6129,269289,270182,-
b0256,insI1,G6131,270603,271754,+
b4690,eyeA,G0-10696,272580,272654,+
b0258,ykfC,G6133,272847,273992,+
b0259,insH1,G6134,274101,275081,-
b0260,mmuP,G6135,275325,276728,+
b0261,mmuM,G6136,276715,277647,+
b0262,afuC,EG12340,277756,278802,-
b0264,insB2,G6138,279178,279681,-
b0265,insA2,G6139,279600,279875,-
b0266,yagB,EG12339,280385,280735,-
b0267,yagA,EG12338,280829,281983,-
b0268,yagE,G6140,282278,283186,+
b0269,yagF,G6141,283201,285168,+
b0270,yagG,G6142,285395,286777,+
b0271,yagH,G6143,286789,288399,+
b0272,xynR,G6144,288404,289162,-
b0273,argF,EG10067,289301,290305,-
b4766,argL,G0-17012,290275,290370,-
b4688,ykgS,G0-16674,290510,290638,+
b0274,insB3,G6145,290649,291152,-
b0275,insA3,G6146,291071,291346,-
b0276,yagJ,G6147,291500,292231,+
b0277,yagK,G6148,292322,292948,-
b0278,yagL,G6149,293220,293918,-
b0279,yagM,G6150,293945,294799,-
b4729,ykgV,G0-16724,294918,295142,-
b0280,yagN,G6151,295139,295579,-
b0281,intF,G6152,295696,297096,-
b0282,yagP,G6153,297381,297791,-
b0283,paoD,G6154,297770,298726,-
b0284,paoC,G6155,298736,300934,-
b0285,paoB,G6156,300931,301887,-
b0286,paoA,G6157,301884,302573,-
b0287,yagU,G6158,302991,303605,+
b0288,ykgJ,G6159,303853,304182,-
b0289,ecpE,G6160,304495,305205,-
b0290,ecpD,G6161,305174,306817,-
b0291,ecpC,G6162,306807,309332,-
b0292,ecpB,G6163,309358,310026,-
b0293,ecpA,G6164,310084,310671,-
b0294,matA,G6165,310746,311336,-
b0295,ykgL,G6166,312112,312339,+
b4506,ykgO,G0-10434,312374,312514,-
b0296,ykgM,G6167,312514,312777,-
b4671,ykgR,G0-10654,313141,313242,-
b0298,insE1,G6168,315291,315590,+
b0299,insF1,G6169,315587,316453,+
b0301,rclC,G6171,317726,318319,-
b0303,rclB,G6173,318331,318567,-
b0304,rclA,G6174,318676,320001,-
b0305,rclR,G6175,320227,321081,+
b0306,ykgE,G6176,321608,322327,+
b0307,ykgF,G6177,322338,323765,+
b0308,ykgG,G6178,323758,324453,+
b0310,ykgH,G6180,324696,325364,-
b0311,betA,EG10109,325577,327247,-
b0312,betB,EG10110,327261,328733,-
b0313,betI,EG10111,328747,329334,-
b0314,betT,EG10112,329463,331496,+
b4730,yahV,G0-16725,331802,331876,+
b0315,pdeL,EG11236,332371,333459,+
b0316,yahB,G6181,333501,334433,-
b0317,yahC,G6182,334525,335022,-
b0318,yahD,G6183,335280,335885,+
b0319,yahE,G6184,335925,336788,+
b0320,yahF,G6185,336778,338325,+
b0321,yahG,G6186,338325,339743,+
b0322,yahH,G0-10550,339769,340089,+
b0323,yahI,G6188,340165,341115,+
b0324,yahJ,G6189,341125,342507,+
b0325,yahK,G6190,342884,343933,+
b0326,yahL,G6191,344176,344991,+
b0327,yahM,G6192,345404,345649,+
b0328,yahN,G6193,345666,346337,-
b0329,yahO,G6194,346484,346759,+
b0330,prpR,G6195,346857,348443,-
b0331,prpB,G6196,348682,349572,+
b0333,prpC,G6198,350012,351181,+
b0334,prpD,G6199,351215,352666,+
b0335,prpE,G6200,352706,354592,+
b0336,codB,EG11327,354922,356181,+
b0337,codA,EG11326,356171,357454,+
b0338,cynR,EG11421,357791,358690,-
b0339,cynT,EG10176,358799,359458,+
b0340,cynS,EG10175,359489,359959,+
b0341,cynX,EG10177,359992,361146,+
b0342,lacA,EG10524,361249,361860,-
b0343,lacY,EG10526,361926,363179,-
b0344,lacZ,EG10527,363231,366305,-
b0345,lacI,EG10525,366428,367510,-
b0346,mhpR,G6201,367587,368420,-
b0347,mhpA,M010,368611,370275,+
b0348,mhpB,M011,370277,371221,+
b0349,mhpC,M012,371239,372105,+
b0350,mhpD,M013,372115,372924,+
b0351,mhpF,M014,372921,373871,+
b0352,mhpE,G6205,373868,374881,+
b0353,mhpT,G6206,375459,376670,+
b0354,yaiL,G6207,376772,377311,+
b0355,frmB,G6208,377535,378368,-
b0356,frmA,EG50010,378462,379571,-
b0357,frmR,G6209,379606,379881,-
b0358,yaiO,G6210,380069,380842,-
b0360,insC1,G6212,381351,381716,+
b0361,insD1,G6213,381674,382579,+
b0363,yaiP,G6215,382739,383935,-
b4731,ykiC,G0-16726,383960,384079,+
b0364,yaiS,G6216,384059,384616,-
b0365,tauA,G6217,385232,386194,+
b0366,tauB,G6218,386207,386974,+
b0367,tauC,G6219,386971,387798,+
b0368,tauD,EG12423,387795,388646,+
b0369,hemB,EG10428,388753,389727,-
b4767,ytiB,G0-17013,391592,391648,-
b0372,insF2,G6223,391739,392605,-
b0373,insE2,G6224,392602,392901,-
b0375,iprA,G6226,394506,395129,+
b0376,ampH,EG12867,395130,396287,-
b0377,sbmA,EG10928,396639,397859,+
b0378,yaiW,G6227,397872,398966,+
b0379,yaiY,G6228,399025,399333,-
b0380,yaiZ,G6229,399593,399805,+
b0381,ddlA,EG10213,399829,400923,-
b0382,iraP,EG11256,401386,401646,+
b0383,phoA,EG10727,401747,403162,+
b0384,psiF,EG11401,403281,403601,+
b0385,dgcC,EG11257,403703,404818,+
b0386,proC,EG10769,404835,405644,-
b0387,yaiI,G6230,405764,406222,+
b0388,aroL,EG10082,406405,406929,+
b0389,yaiA,EG11093,406979,407170,+
b0390,aroM,EG10083,407428,408105,+
b0391,ppnP,EG12159,408177,408461,+
b4732,ykiD,G0-16727,408947,409030,+
b0393,rdgC,EG12158,409108,410019,-
b0394,mak,EG11288,410144,411052,+
b0396,araJ,EG10060,411297,412481,-
b0397,sbcC,EG10927,412607,415753,-
b0398,sbcD,EG11094,415750,416952,-
b0399,phoB,EG10728,417142,417831,+
b0400,phoR,EG10733,417889,419184,+
b0401,brnQ,EG12168,419591,420910,+
b0402,proY,G6233,420986,422359,+
b0403,malZ,EG10565,422518,424332,+
b0404,acpH,EG11095,424337,424918,-
b0405,queA,EG10812,425011,426081,+
b0406,tgt,EG10996,426137,427264,+
b0407,yajC,EG11096,427287,427619,+
b0408,secD,EG10938,427647,429494,+
b0409,secF,EG10940,429505,430476,+
b0410,yajD,EG11097,430605,430952,+
b0411,tsx,EG11035,431129,432013,-
b0412,yajI,EG12874,432312,432851,-
b0413,nrdR,EG11320,433002,433451,+
b0414,ribD,EG11321,433455,434558,+
b0415,ribE,EG11322,434647,435117,+
b0416,nusB,EG10666,435137,435556,+
b0417,thiL,G6234,435634,436611,+
b0418,pgpA,EG10704,436589,437107,+
b0419,yajO,G6236,437161,438135,-
b0420,dxs,G6237,438315,440177,-
b0421,ispA,EG10508,440202,441101,-
b0422,xseB,EG11098,441101,441343,-
b0423,thiI,G6238,441549,442997,+
b0424,yajL,G198,443051,443641,-
b0425,panE,G6239,443604,444515,-
b0426,yajQ,G6240,444683,445174,+
b0427,yajR,G6241,445302,446666,-
b0428,cyoE,EG10182,446815,447705,-
b0429,cyoD,EG10181,447717,448046,-
b0430,cyoC,EG10180,448046,448660,-
b0431,cyoB,EG10179,448650,450641,-
b0432,cyoA,EG10178,450663,451610,-
b0433,ampG,EG12183,452070,453545,-
b0434,yajG,EG12182,453589,454167,-
b0435,bolA,EG10125,454472,454789,+
b0436,tig,EG11003,455133,456431,+
b0437,clpP,EG10158,456677,457300,+
b0438,clpX,EG10159,457426,458700,+
b0439,lon,EG10542,458888,461242,+
b0440,hupB,EG10467,461451,461723,+
b0441,ppiD,G6242,461915,463786,+
b0442,ybaV,G6243,463937,464308,+
b0443,fadM,G6244,464402,464800,+
b0444,queC,G6245,464852,465547,-
b0445,ybaE,EG13217,465612,467312,-
b0446,cof,G6246,467412,468230,+
b0447,decR,G6247,468383,468841,+
b0448,mdlA,G6248,468871,470643,+
b0449,mdlB,EG11622,470636,472417,+
b0450,glnK,EG12191,472598,472936,+
b0451,amtB,EG11821,472966,474252,+
b0452,tesB,EG10995,474301,475161,-
b0453,ybaY,G6250,475379,475951,+
b0454,ybaZ,G6251,475982,476371,-
b0455,ffs,EG30027,476448,476561,+
b0456,ybaA,EG11099,476672,477025,+
b0457,pdeB,G6252,477067,478617,-
b0458,ylaC,G6253,478781,479251,-
b0459,maa,G58,479367,479918,-
b0460,hha,EG10439,480090,480308,-
b0461,tomB,EG12429,480334,480708,-
b0462,acrB,EG11704,481254,484403,-
b0463,acrA,EG11703,484426,485619,-
b0464,acrR,EG12116,485761,486408,+
b0465,mscK,G6255,486536,489898,+
b0466,ybaM,EG12830,490110,490271,-
b0467,priC,EG10765,490285,490812,-
b0468,ybaN,EG12843,490882,491259,+
b0469,apt,EG10051,491412,491963,+
b0470,dnaX,EG10245,492092,494023,+
b0471,ybaB,EG11100,494076,494405,+
b0472,recR,EG10834,494405,495010,+
b0473,htpG,EG10461,495120,496994,+
b0474,adk,EG10032,497175,497819,+
b0475,hemH,EG10431,498055,499017,+
b0476,aes,EG11101,499014,499973,-
b0477,gsk,EG11102,500125,501429,+
b0478,ybaL,EG12623,501562,503238,-
b0479,fsr,G6256,503476,504696,-
b0480,ushA,EG11060,504914,506566,+
b0481,ybaK,EG12454,506603,507082,-
b4585,chiX,G0-9382,507204,507287,+
b0482,ybaP,G6258,507286,508080,-
b0483,ybaQ,G6259,508218,508559,+
b0484,copA,G6260,508875,511379,-
b0485,glsA,G6261,511641,512573,+
b0486,ybaT,G6262,512576,513868,+
b0487,cueR,G6263,513993,514400,+
b0488,ybbJ,G6264,514401,514859,-
b0489,qmcA,G6265,514856,515773,-
b0490,fetA,G6266,515919,516596,+
b0491,fetB,G6267,516583,517362,+
b0492,cnoX,G6268,517425,518279,-
b0493,ybbO,G6269,518340,519149,-
b0494,tesA,EG11542,519139,519765,-
b0495,ybbA,EG11657,519733,520419,+
b0496,ybbP,G6270,520416,522830,+
b0497,rhsD,EG10849,523261,527541,+
b0498,ybbC,EG11769,527581,527949,+
b0502,ylbG,G6273,529645,530016,-
b0503,selU,EG11768,530132,531226,-
b0504,allS,G6274,531295,532221,-
b0505,allA,G6275,532451,532933,+
b0506,allR,G6276,533011,533826,+
b0507,gcl,EG11583,533916,535697,+
b0508,hyi,G6277,535710,536486,+
b0509,glxR,G6278,536586,537464,+
b0511,allW,G6280,537633,539087,+
b0512,allB,G6281,539147,540508,+
b0513,ybbY,G6282,540565,541866,+
b0514,glxK,G6283,541888,543033,+
b0515,allE,G6284,543261,544046,-
b0516,allC,G6285,544057,545292,-
b0517,allD,G6286,545314,546363,-
b0518,allF,G6287,546680,548347,+
b4572,allG,G6288,548357,549616,+
b0520,allH,G6289,549627,550442,+
b0521,allK,EG12384,550439,551332,+
b0522,purK,EG10796,551527,552594,-
b0523,purE,EG10793,552591,553100,-
b0524,lpxH,EG12666,553218,553940,-
b0525,ppiB,EG10758,553943,554437,-
b0526,cysS,EG10196,554611,555996,+
b0527,ybcI,EG12708,556032,556553,-
b0528,ybcJ,EG12879,556661,556873,-
b0529,folD,EG10328,556875,557741,-
b0530,sfmA,G6290,558212,558754,+
b0531,sfmC,G6291,558974,559666,+
b0532,sfmD,G6292,559697,562300,+
b0533,sfmH,G6293,562336,563319,+
b0534,sfmF,EG12388,563330,563845,+
b0535,fimZ,EG11103,563848,564480,-
b0536,argU,EG30014,564723,564799,+
b0537,intD,EG10507,564815,565978,-
b0540,insE3,G6296,566842,567141,+
b0541,insF3,G6297,567138,568004,+
b0543,emrE,EG10629,568315,568647,+
b4733,ylcJ,G0-16728,568695,568844,+
b0544,ybcK,G6300,568902,570428,+
b0545,ybcL,G6301,570893,571444,+
b0546,ybcM,G6302,571454,572251,+
b4588,ylcH,G0-10584,572368,572469,+
b0547,ybcN,G6303,572466,572921,+
b0548,ninE,G6304,572921,573091,+
b0549,ybcO,G6305,573084,573374,+
b0550,rusA,G6306,573371,573733,+
b4509,ylcG,G0-10435,573730,573870,+
b0551,quuD,G6307,573956,574339,+
b0552,insH2,G6308,574737,575717,-
b0554,essD,G6309,577398,577613,+
b0555,rrrD,G6310,577613,578110,+
b0556,rzpD,G6311,578107,578568,+
b4510,rzoD,G0-10436,578327,578509,+
b0557,borD,G6312,578600,578893,-
b0558,ybcV,G6313,579184,579594,-
b0559,ybcW,G6314,579880,580086,+
b4589,ylcI,G0-10585,580251,580445,-
b0560,nohD,EG11635,580834,581379,+
b0561,tfaD,G6315,581534,582097,+
b0563,tfaX,G6317,582875,583060,+
b0564,appY,EG10050,583681,584430,+
b0565,ompT,EG10673,584680,585633,-
b0566,envY,EG10268,586147,586908,-
b0567,ybcH,EG12448,587091,587981,-
b0568,nfrA,EG11740,587982,590954,-
b0569,nfrB,EG11739,590941,593178,-
b0570,cusS,G6318,593328,594770,-
b0571,cusR,G6319,594760,595443,-
b0572,cusC,G6320,595600,596973,+
b0573,cusF,G6321,597131,597463,+
b0574,cusB,G6322,597479,598702,+
b0575,cusA,EG12367,598714,601857,+
b0576,pheP,EG10708,601959,603335,+
b0577,ybdG,G6323,603416,604663,-
b0578,nfsB,EG50005,604771,605424,-
b0579,ybdF,G6324,605518,605886,-
b0580,ybdJ,G6325,605951,606199,-
b0581,ybdK,G6326,606265,607383,-
b4700,b4700,G0-16677,607734,607792,+
b4415,hokE,G0-9582,607836,607988,+
b0582,insL2,G6327,608065,609177,+
b0583,entD,EG10262,609459,610079,-
b0584,fepA,EG10293,610254,612494,-
b0585,fes,EG10299,612737,613939,+
b4511,ybdZ,G0-10437,613942,614160,+
b0586,entF,EG10264,614157,618038,+
b0587,fepE,EG10297,618254,619387,+
b0588,fepC,EG10295,619384,620199,-
b0589,fepG,EG10298,620196,621188,-
b0590,fepD,EG10296,621185,622189,-
b0591,entS,EG11104,622300,623550,+
b0592,fepB,EG10294,623554,624510,-
b0593,entC,EG10261,624885,626060,+
b0594,entE,EG10263,626070,627680,+
b0595,entB,EG10260,627694,628551,+
b0596,entA,EG10259,628551,629297,+
b0597,entH,EG11105,629300,629713,+
b0598,cstA,EG10167,629894,631999,+
b4512,ybdD,G0-10438,632182,632379,+
b0599,hcxA,EG12692,632389,633477,-
b0600,ybdL,G6329,633586,634746,+
b0601,ybdM,G6330,634747,635376,-
b0602,ybdN,G6331,635349,636569,-
b0603,citR,G6332,636716,637618,-
b0604,dsbG,G6333,637827,638573,-
b0605,ahpC,EG11384,638945,639508,+
b0606,ahpF,EG11385,639753,641318,+
b0607,uspG,G6334,641439,641867,-
b0608,ybdR,G6335,642088,643326,+
b4734,yldA,G0-16729,643330,643419,-
b0610,rnk,G6337,643557,643967,-
b0611,rna,EG10856,644197,645003,-
b0612,citT,G6338,645117,646580,-
b0613,citG,G6339,646631,647509,-
b0614,citX,G6340,647484,648035,-
b0615,citF,G6341,648039,649571,-
b0616,citE,G6342,649582,650490,-
b0617,citD,G6343,650487,650783,-
b0618,citC,G6344,650798,651856,-
b0619,dpiB,G6345,652235,653893,+
b0620,dpiA,G6346,653862,654542,+
b0621,dcuC,G6347,654583,655968,-
b0622,pagP,EG12180,656557,657117,+
b0623,cspE,EG12179,657292,657501,+
b0624,crcB,EG12209,657555,657938,-
b0627,tatE,EG11305,658947,659150,+
b0628,lipA,EG11306,659251,660216,-
b0629,ybeF,EG11594,660425,661378,-
b0630,lipB,EG11591,661637,662278,-
b0631,ybeD,EG11592,662379,662642,-
b0632,dacA,EG10201,662752,663963,-
b0633,rlpA,EG10854,664102,665190,-
b0634,mrdB,EG10607,665201,666313,-
b0635,mrdA,EG10606,666316,668217,-
b0636,rlmH,EG11254,668248,668715,-
b0637,rsfS,EG11255,668719,669036,-
b0638,cobC,G6349,669296,669907,-
b0639,nadD,G6350,669931,670572,-
b0640,holA,EG11412,670574,671605,-
b0641,lptE,EG10855,671605,672186,-
b0642,leuS,EG10532,672201,674783,-
b0643,ybeL,EG12851,675018,675500,+
b0644,ybeQ,G6351,675570,676547,-
b0645,ybeR,G6352,676711,677418,+
b0646,djlB,G6353,677415,678842,+
b0647,ybeT,G6354,678852,679406,-
b0648,ybeU,G6355,679508,680215,+
b0649,djlC,G6356,680212,681663,+
b0650,hscC,G6357,681723,683393,-
b0651,rihA,G6358,683477,684412,-
b0652,gltL,EG12663,684530,685255,-
b0653,gltK,EG12662,685255,685929,-
b0654,gltJ,EG12661,685929,686669,-
b4763,sroC,G0-9383,686681,686843,-
b0655,gltI,G6359,686839,687747,-
b0656,insH3,G6360,687997,688977,-
b0657,lnt,EG10168,689343,690881,-
b0658,ybeX,G6361,690906,691784,-
b0659,ybeY,G6362,691874,692341,-
b0660,ybeZ,G6363,692338,693378,-
b0661,miaB,G6364,693531,694955,-
b0662,ubiF,G6365,695101,696276,+
b0664,glnX,EG30031,696430,696504,-
b0665,glnV,EG30029,696542,696616,-
b0666,metU,EG30059,696664,696740,-
b0668,glnW,EG30030,696756,696830,-
b0670,glnU,EG30028,696865,696939,-
b0672,leuW,EG30052,696963,697047,-
b0673,metT,EG30058,697057,697133,-
b0674,asnB,EG10092,697513,699177,-
b0675,umpH,EG10634,699574,700326,-
b0676,nagC,EG10636,700374,701594,-
b0677,nagA,EG10632,701603,702751,-
b0678,nagB,EG10633,702811,703611,-
b0679,nagE,EG10635,703944,705890,+
b0680,glnS,EG10390,706093,707757,+
b0681,chiP,G6370,708334,709740,+
b0682,chiQ,G6371,709790,710116,+
b0683,fur,EG10359,710200,710646,-
b4637,uof,G0-10580,710639,710725,-
b0684,fldA,EG10318,710935,711465,-
b0685,ybfE,EG11775,711605,711898,-
b0686,ybfF,EG11776,712038,712802,-
b0687,seqA,EG12197,712987,713532,+
b0688,pgm,EG12144,713558,715198,+
b0689,ybfP,G6374,715412,715906,+
b0692,potE,EG10753,716946,718265,-
b0693,speF,EG10964,718262,720460,-
b4803,speFL,G0-17074,720718,720822,-
b0694,kdpE,EG10517,721056,721733,-
b0695,kdpD,EG10516,721730,724414,-
b0696,kdpC,EG10515,724407,724979,-
b0697,kdpB,EG10514,724988,727036,-
b0698,kdpA,EG10513,727059,728732,-
b4513,kdpF,G0-10439,728732,728821,-
b0699,ybfA,EG11521,729134,729340,+
b0700,rhsC,EG10848,729583,733776,+
b0702,ybfB,EG11522,733776,734102,+
b0704,ybfC,EG11523,735650,736219,+
b4514,ybfQ,G0-10440,736445,736699,+
b0706,ybfD,EG11524,738092,738853,+
b0707,ybgA,EG11108,739001,739510,+
b0708,phr,EG10736,739507,740925,+
b0709,dtpD,G6378,741075,742556,-
b0710,ybgI,G6379,742827,743570,+
b0711,pxpB,G6380,743593,744249,+
b0712,pxpC,G6381,744243,745175,+
b0713,pxpA,G6382,745165,745899,+
b0714,nei,G6383,745935,746726,+
b0715,abrB,G6384,746723,747769,-
b0716,ybgO,G6385,747921,748982,-
b0717,ybgP,G6386,748979,749707,-
b0718,ybgQ,G6387,749722,752169,-
b0719,ybgD,EG12359,752229,752795,-
b0720,gltA,EG10402,753185,754468,-
b4768,ybgV,G0-17014,754658,754690,-
b4735,ybgU,G0-16730,754674,754781,-
b0721,sdhC,EG10933,755177,755566,+
b0722,sdhD,EG10934,755560,755907,+
b0723,sdhA,EG10931,755907,757673,+
b0724,sdhB,EG10932,757689,758405,+
b0726,sucA,EG10979,758706,761507,+
b0727,sucB,EG10980,761522,762739,+
b0728,sucC,EG10981,763014,764180,+
b0729,sucD,EG10982,764180,765049,+
b4764,sdhX,G0-17009,765050,765150,+
b0730,mngR,EG11109,765153,765875,-
b0731,mngA,EG13235,765984,767960,+
b0732,mngB,EG13236,767978,770611,+
b0733,cydA,EG10173,771458,773026,+
b0734,cydB,EG10174,773042,774181,+
b4515,cydX,G0-10441,774196,774309,+
b0735,ybgE,EG12395,774309,774602,+
b0736,ybgC,EG11110,774752,775156,+
b0737,tolQ,EG11010,775153,775845,+
b0738,tolR,EG11011,775849,776277,+
b0739,tolA,EG11007,776342,777607,+
b0740,tolB,EG11008,777740,779032,+
b0741,pal,EG10684,779067,779588,+
b0742,cpoB,EG12854,779598,780389,+
b0743,lysT,EG30055,780554,780629,+
b0744,valT,EG30109,780765,780840,+
b0745,lysW,EG30057,780843,780918,+
b0746,valZ,G6389,781068,781143,+
b0747,lysY,G6390,781147,781222,+
b0748,lysZ,G6391,781369,781444,+
b0749,lysQ,G6392,781577,781652,+
b0750,nadA,EG10630,782085,783128,+
b0751,pnuC,EG11700,783166,783885,+
b0752,zitB,G6393,783882,784823,-
b0753,ybgS,G6394,784937,785317,-
b0754,aroG,EG10079,785633,786685,+
b0755,gpmA,EG11699,786843,787595,-
b0756,galM,EG11698,787797,788837,-
b0757,galK,EG10363,788831,789979,-
b0758,galT,EG10366,789983,791029,-
b0759,galE,EG10362,791039,792055,-
b0760,modF,EG11677,792316,793788,-
b0761,modE,G6395,793856,794644,-
b0762,acrZ,G6396,794773,794922,+
b0763,modA,EG12427,795089,795862,+
b0764,modB,EG10002,795862,796551,+
b0765,modC,EG10152,796554,797612,+
b0766,ybhA,EG11239,797613,798431,-
b0767,pgl,G6397,798586,799581,+
b0768,ybhD,G6398,799622,800575,-
b0769,ybhH,G6399,800759,801811,+
b0770,ybhI,G6400,801887,803320,+
b0771,ybhJ,G6401,803503,805764,+
b0772,ybhC,EG12875,805998,807281,-
b0773,ybhB,EG11238,807433,807909,-
b0774,bioA,EG10117,807968,809257,-
b0775,bioB,EG10118,809344,810384,+
b0776,bioF,EG10121,810381,811535,+
b0777,bioC,EG10119,811522,812277,+
b0778,bioD,EG10120,812270,812947,+
b0779,uvrB,EG11062,813526,815547,+
b0780,ybhK,G6402,815739,816647,-
b0781,moaA,EG11595,817044,818033,+
b0782,moaB,EG11596,818055,818567,+
b0783,moaC,EG11666,818570,819055,+
b0784,moaD,EG11597,819048,819293,+
b0785,moaE,EG11598,819295,819747,+
b0786,ybhL,G6403,819884,820588,+
b0787,ybhM,G6404,820793,821506,+
b0788,ybhN,G6405,821542,822498,-
b0789,clsB,G6406,822498,823739,-
b0790,ybhP,G6407,823736,824497,-
b0791,ybhQ,G6408,824630,825040,+
b0792,ybhR,G6409,825002,826108,-
b0793,ybhS,G6410,826119,827252,-
b0794,ybhF,G6411,827245,828981,-
b0795,ybhG,G6412,828974,829972,-
b0796,cecR,EG12406,829972,830643,-
b0797,rhlE,EG11235,830872,832236,+
b0798,ybiA,EG11579,832468,832950,-
b0799,dinG,EG11357,833070,835220,+
b0800,ybiB,EG11580,835248,836210,+
b0801,hcxB,EG11581,836351,837436,+
b4769,ybiE,G0-17015,837503,837562,+
b0802,ybiJ,EG12422,837665,837925,-
b0803,ybiI,EG12421,838190,838456,-
b0804,ybiX,G6413,838530,839207,-
b0805,fiu,G6414,839249,841531,-
b0806,mcbA,G6415,841796,842056,-
b0807,rlmF,G6416,842332,843258,+
b0808,ybiO,G6417,843255,845480,-
b0809,glnQ,EG10389,845741,846463,-
b0810,glnP,EG10388,846460,847119,-
b0811,glnH,EG10386,847258,848004,-
b0812,dps,EG11415,848408,848911,-
b0813,rhtA,EG12134,849210,850097,-
b4736,yliM,G0-16731,850332,850397,+
b0814,ompX,EG12117,850450,850965,+
b0815,opgE,G6418,851014,852597,-
b4416,rybA,G0-8881,852725,853064,-
b4705,mntS,G0-10715,852869,852997,-
b0817,mntR,G6420,853183,853650,+
b0818,ybiR,G6421,853647,854765,+
b0819,ldtB,G6422,854824,855744,-
b0820,ybiT,G6423,855963,857555,+
b0821,ybiU,G6424,857796,859061,-
b0822,ybiV,G6425,859213,860028,-
b0823,ybiW,G6426,860174,862606,-
b0824,ybiY,G6427,862612,863511,-
b0825,fsaA,G6428,863642,864304,+
b0826,moeB,EG10154,864380,865129,-
b0827,moeA,EG10153,865129,866364,-
b0828,iaaA,EG12407,866568,867533,+
b0829,gsiA,G6429,867520,869391,+
b0830,gsiB,G6430,869411,870949,+
b0831,gsiC,G6431,870967,871887,+
b0832,gsiD,G6432,871890,872801,+
b0833,pdeI,G6433,872979,875327,+
b0834,dgcI,G6434,875335,876663,+
b0835,rimO,G6435,876710,878035,-
b0836,bssR,G6436,878248,878631,+
b0837,yliI,G6437,878742,879857,+
b0838,gstB,G6438,879854,880480,-
b0839,dacC,EG10203,880727,881929,+
b0840,deoR,EG10223,881976,882734,-
b0841,ybjG,G6439,882792,883388,-
b0842,mdfA,G6440,883673,884905,+
b0843,ybjH,G6441,884946,885230,-
b0844,ybjI,G6442,885316,886131,-
b0845,ybjJ,G6443,886131,887339,-
b0846,rcdA,G6444,887423,887959,+
b4417,rybB,G0-8880,887979,888057,-
b0847,ybjL,G6445,888134,889819,-
b0848,ybjM,G6446,890089,890466,+
b0849,grxA,EG10417,890496,890753,-
b0850,ybjC,EG12842,890913,891200,+
b0851,nfsA,EG11261,891184,891906,+
b0852,rimK,EG10852,891967,892869,+
b0853,ybjN,G6447,892957,893433,+
b0854,potF,EG11629,893784,894896,+
b0855,potG,EG11630,894991,896124,+
b0856,potH,EG11631,896134,897087,+
b0857,potI,EG11632,897084,897929,+
b0858,ybjO,G6448,897989,898477,+
b0859,rlmC,G6449,898518,899645,+
b0860,artJ,EG11628,899844,900575,-
b0861,artM,EG11627,900866,901534,-
b0862,artQ,EG11626,901534,902250,-
b0863,artI,EG11625,902257,902988,-
b0864,artP,EG11624,903006,903734,-
b0865,ybjP,G6450,903952,904467,-
b0866,ybjQ,G6451,904593,904916,+
b0867,amiD,G6452,904913,905743,+
b0868,ybjS,G6453,905740,906753,-
b0869,ybjT,G6454,906852,908282,-
b0870,ltaE,G6455,908293,909294,-
b0871,poxB,EG10754,909331,911049,-
b0872,hcr,G6456,911182,912150,-
b0873,hcp,G6457,912162,913814,-
b0874,lysO,G6458,913958,914857,-
b0875,aqpZ,EG13270,915352,916047,-
b0876,ybjD,G6459,916473,918131,+
b0877,ybjX,G6460,918128,919120,-
b0878,macA,G6461,919235,920350,+
b0879,macB,G6462,920347,922293,+
b0880,cspD,EG11111,922366,922590,-
b4770,yljB,G0-17016,922740,922814,+
b0881,clpS,G6463,922913,923233,+
b0882,clpA,EG10156,923264,925540,+
b0883,serW,EG30096,925884,925971,-
b0884,infA,EG10504,926225,926443,-
b0885,aat,EG11112,926728,927432,-
b0886,cydC,EG10012,927474,929195,-
b0887,cydD,EG11405,929196,930962,-
b0888,trxB,EG11032,931085,932050,-
b0889,lrp,EG10547,932595,933089,+
b0890,ftsK,G6464,933224,937213,+
b0891,lolA,G6465,937372,937983,+
b0892,rarA,EG12690,937994,939337,+
b0893,serS,EG10947,939428,940720,+
b0894,dmsA,EG10232,940959,943403,+
b0895,dmsB,EG10233,943414,944031,+
b0896,dmsC,EG10234,944033,944896,+
b0897,ycaC,EG11241,944931,945557,-
b0898,ycaD,EG11242,945871,947019,+
b0899,ycaM,G6466,947229,948659,+
b0900,ycaN,G6467,948660,949568,-
b0901,ycaK,EG12702,949668,950258,+
b0902,pflA,EG10028,950340,951080,-
b0903,pflB,EG10701,951272,953554,-
b0904,focA,EG11258,953609,954466,-
b0905,ycaO,G6468,954872,956632,-
b0906,ycaP,G6469,956762,957454,+
b0907,serC,EG10946,957653,958741,+
b0908,aroA,EG10073,958812,960095,+
b0909,ycaL,G6470,960264,961028,+
b0910,cmk,EG11265,961201,961884,+
b0911,rpsA,EG10900,961995,963668,+
b0912,ihfB,EG10441,963828,964112,+
b0913,ycaI,EG12375,964320,966584,+
b0914,msbA,EG10613,966621,968369,+
b0915,lpxK,EG11409,968366,969352,+
b0916,ycaQ,G6471,969389,970621,+
b0917,ycaR,G6472,970673,970855,+
b0918,kdsB,EG10519,970852,971598,+
b0919,ycbJ,G6473,971752,972645,+
b0920,elyC,EG12166,972622,973401,-
b0921,cmoM,EG12167,973537,974322,+
b0922,mukF,EG12165,974319,975641,+
b0923,mukE,EG11252,975622,976326,+
b0924,mukB,EG10618,976326,980786,+
b0925,ldtD,EG11253,981047,982894,+
b0926,mepK,G6474,983075,983623,+
b0927,gloC,G6475,983650,984297,+
b0928,aspC,EG10096,984519,985709,-
b0929,ompF,EG10671,985894,986982,-
b0930,asnS,EG10094,987585,988985,-
b0931,pncB,EG10742,989154,990356,-
b0932,pepN,EG10696,990622,993234,+
b0933,ssuB,EG12358,993277,994044,-
b0934,ssuC,G6476,994041,994832,-
b0935,ssuD,G6477,994843,995988,-
b0936,ssuA,G6478,995985,996944,-
b0937,ssuE,G6479,996937,997512,-
b0938,elfA,G6480,997868,998407,+
b0939,elfD,G6481,998490,999191,+
b0940,elfC,G6482,999216,1001816,+
b0941,elfG,G6483,1001807,1002877,+
b0942,ycbU,G6484,1002889,1003431,+
b0943,ycbV,G6485,1003439,1003954,+
b0944,ycbF,EG12397,1003947,1004657,+
b0945,pyrD,EG10807,1004768,1005778,+
b0946,zapC,G6486,1005952,1006494,+
b0947,ycbX,G6487,1006491,1007600,-
b0948,rlmL,G6488,1007844,1009952,+
b0949,uup,G6489,1009964,1011871,+
b0950,pqiA,G6490,1012001,1013254,+
b0951,pqiB,G6491,1013259,1014899,+
b0952,pqiC,G6492,1014896,1015459,+
b0953,rmf,EG50004,1015715,1015882,+
b0954,fabA,EG10273,1015952,1016470,-
b0955,ycbZ,G6493,1016539,1018299,-
b0956,matP,EG12855,1018485,1018937,+
b0957,ompA,EG10669,1019013,1020053,-
b0958,sulA,EG10984,1020410,1020919,-
b0959,sxy,G6494,1021138,1021767,+
b0960,yccS,G6495,1021730,1023883,-
b0961,yccF,G6496,1023902,1024348,-
b0962,helD,EG10426,1024471,1026525,+
b0963,mgsA,G6497,1026557,1027015,-
b0964,csgI,G6498,1027111,1027773,-
b0965,yccU,G6499,1027946,1028359,+
b0966,hspQ,G6500,1028404,1028721,-
b0967,rlmI,G6501,1028779,1029969,-
b0968,yccX,G6502,1030064,1030342,+
b0969,tusE,EG12876,1030339,1030668,-
b0970,yccA,EG11113,1030759,1031418,-
b0971,serT,EG30093,1031625,1031712,-
b0972,hyaA,EG10468,1032139,1033257,+
b0973,hyaB,EG10469,1033254,1035047,+
b0974,hyaC,EG10470,1035066,1035773,+
b0975,hyaD,EG10471,1035770,1036357,+
b0976,hyaE,EG10472,1036354,1036752,+
b0977,hyaF,EG10473,1036749,1037606,+
b0978,appC,EG11380,1037740,1039284,+
b0979,appB,EG11379,1039296,1040432,+
b4592,appX,G0-10588,1040445,1040537,+
b0980,appA,EG10049,1040617,1041915,+
b0981,etk,EG11826,1042030,1044210,-
b0982,etp,G6503,1044230,1044676,-
b0983,gfcE,G6504,1044664,1045803,-
b0984,gfcD,G6505,1045849,1047945,-
b0985,gfcC,G6506,1047945,1048691,-
b0986,gfcB,G6507,1048688,1049332,-
b0987,gfcA,G6508,1049439,1049744,-
b4516,insA4,G0-10430,1049833,1050108,+
b0988,insB4,G6509,1050027,1050530,+
b0989,cspH,G6510,1050963,1051175,-
b0990,cspG,G6511,1051461,1051673,+
b4723,ymcF,G0-16688,1051684,1051872,+
b0991,ymcE,G6512,1051847,1052077,+
b4517,gnsA,G0-9662,1052067,1052240,+
b0992,yccM,G6513,1052289,1053362,-
b0993,torS,G6514,1053434,1056178,-
b0994,torT,G6515,1056261,1057289,+
b0995,torR,EG12615,1057262,1057954,-
b0996,torC,EG11815,1058084,1059256,+
b0997,torA,EG11814,1059256,1061802,+
b0998,torD,EG12195,1061799,1062398,+
b0999,cbpM,EG12194,1062550,1062855,-
b1000,cbpA,EG12193,1062855,1063775,-
b1001,yccE,EG12196,1064036,1065292,+
b1002,agp,EG10033,1065585,1066826,+
b1003,yccJ,EG12703,1066864,1067091,-
b1004,wrbA,EG11540,1067112,1067708,-
b4518,ymdF,G0-10443,1068081,1068254,+
b1006,rutG,G6517,1068511,1069839,-
b1007,rutF,G6518,1069860,1070354,-
b1008,rutE,G6519,1070365,1070955,-
b1009,rutD,G6520,1070965,1071765,-
b1010,rutC,G6521,1071773,1072159,-
b1011,rutB,G6522,1072171,1072863,-
b1012,rutA,G6523,1072863,1074011,-
b1013,rutR,EG12301,1074242,1074880,+
b1014,putA,EG10801,1074920,1078882,-
b4737,ymdG,G0-16732,1079120,1079146,+
b1015,putP,EG10802,1079305,1080813,+
b1018,efeO,G6527,1082243,1083370,+
b1019,efeB,EG11735,1083376,1084647,+
b1020,phoH,EG11734,1084992,1086056,+
b1021,pgaD,G6528,1086106,1086519,-
b1022,pgaC,G6529,1086521,1087846,-
b1023,pgaB,G6530,1087839,1089857,-
b1024,pgaA,G6531,1089866,1092289,-
b1025,dgcT,G6532,1092876,1094234,+
b1026,insF4,G6533,1094275,1095141,-
b1027,insE4,G6534,1095138,1095437,-
b1029,ycdU,G6536,1095843,1096829,+
b1032,serX,EG30097,1097565,1097652,-
b1033,ghrA,G6539,1097886,1098824,+
b1034,ycdX,G6540,1098879,1099616,+
b1035,ycdY,G6541,1099640,1100194,+
b1036,ycdZ,G6542,1100296,1100787,+
b1037,csgG,G6543,1100851,1101684,-
b1038,csgF,G6544,1101711,1102127,-
b1039,csgE,G6545,1102152,1102541,-
b1040,csgD,G6546,1102546,1103196,-
b1041,csgB,G6547,1103951,1104406,+
b1042,csgA,EG11489,1104447,1104902,+
b1043,csgC,G6548,1104961,1105293,+
b1044,ymdA,G6549,1105414,1105725,+
b1045,ymdB,G6550,1105820,1106353,+
b1046,clsC,G6551,1106355,1107776,+
b1047,opgC,G6552,1107784,1108941,-
b1048,opgG,EG11885,1109335,1110870,+
b1049,opgH,EG11886,1110863,1113406,+
b1050,yceK,EG12689,1113579,1113806,+
b1051,msyB,EG11338,1113807,1114181,-
b1053,mdtG,EG11343,1114264,1115490,-
b1054,lpxL,EG10464,1115662,1116582,-
b1055,trhO,EG11116,1116807,1117859,+
b1056,yceI,EG11820,1117901,1118476,-
b1057,yceJ,G6554,1118480,1119046,-
b1058,yceO,G6555,1119307,1119447,-
b1059,solA,G6556,1119468,1120586,-
b1060,bssS,G6557,1120701,1120955,-
b1061,dinI,G6558,1121242,1121487,-
b1062,pyrC,EG10806,1121561,1122607,-
b1063,yceB,EG11117,1122713,1123273,-
b1064,grxB,EG12688,1123407,1124054,-
b1065,mdtH,G6559,1124118,1125326,-
b1066,rimJ,EG10851,1125562,1126146,+
b1067,yceH,EG11537,1126157,1126804,+
b1068,yceM,G6560,1126806,1127729,+
b1069,murJ,G6561,1127839,1129374,+
b1070,flgN,G6562,1129414,1129830,-
b1071,flgM,G369,1129835,1130128,-
b1072,flgA,G357,1130204,1130863,-
b1073,flgB,G358,1131018,1131434,+
b1074,flgC,G359,1131438,1131842,+
b1075,flgD,G360,1131854,1132549,+
b1076,flgE,G361,1132574,1133782,+
b1077,flgF,G362,1133802,1134557,+
b1078,flgG,G363,1134729,1135511,+
b1079,flgH,G364,1135564,1136262,+
b1080,flgI,G365,1136274,1137371,+
b1081,flgJ,G366,1137371,1138312,+
b1082,flgK,EG11967,1138378,1140021,+
b1083,flgL,EG11545,1140033,1140986,+
b1084,rne,EG10859,1141182,1144367,-
b1085,yceQ,G6563,1144502,1144822,+
b1086,rluC,EG11118,1144940,1145899,+
b1087,yceF,EG11438,1146011,1146595,-
b4418,sraB,G0-8862,1146589,1146757,+
b1088,yceD,EG11119,1146794,1147315,+
b1089,rpmF,EG10890,1147367,1147540,+
b1090,plsX,EG11437,1147621,1148691,+
b1091,fabH,EG10277,1148759,1149712,+
b1092,fabD,EG11317,1149728,1150657,+
b1093,fabG,EG11318,1150670,1151404,+
b1094,acpP,EG50003,1151615,1151851,+
b1095,fabF,EG12606,1151939,1153180,+
b1096,pabC,EG11493,1153300,1154109,+
b1097,mltG,EG11494,1154112,1155134,+
b1098,tmk,EG12302,1155124,1155765,+
b1099,holB,EG11500,1155762,1156766,+
b1100,ycfH,EG12303,1156777,1157574,+
b1101,ptsG,EG10787,1157869,1159302,+
b1102,fhuE,EG10306,1159362,1161551,-
b1103,hinT,EG12172,1161885,1162244,+
b1104,ycfL,G6564,1162247,1162624,+
b1105,lpoB,G6565,1162638,1163279,+
b1106,thiK,G6566,1163260,1164084,+
b1107,nagZ,G6567,1164095,1165120,+
b1108,ycfP,G6568,1165143,1165685,+
b1109,ndh,EG10649,1166085,1167389,+
b1110,ycfJ,EG12444,1167599,1168138,+
b1111,comR,G6569,1168200,1168832,-
b1112,bhsA,G6570,1169073,1169330,+
b1113,ldtC,G6571,1169412,1170374,-
b1114,mfd,EG11619,1170518,1173964,-
b1115,ycfT,G6572,1174092,1175165,-
b1116,lolC,G6573,1175427,1176626,+
b1117,lolD,G6574,1176619,1177320,+
b1118,lolE,G6575,1177320,1178564,+
b1119,nagK,G6576,1178593,1179504,+
b1120,cobB,G6577,1179520,1180359,+
b1121,ycfZ,G6578,1180479,1181267,-
b1122,ymfA,G6579,1181264,1181725,-
b1123,potD,EG10752,1181783,1182829,-
b1124,potC,EG10751,1182826,1183620,-
b1125,potB,EG10750,1183617,1184444,-
b1126,potA,EG10749,1184458,1185594,-
b1127,pepT,EG11549,1185844,1187070,+
b1128,roxA,EG11430,1187119,1188240,-
b1129,phoQ,EG10732,1188316,1189776,-
b1130,phoP,EG10731,1189776,1190447,-
b1131,purB,EG11314,1190616,1191986,-
b1132,hflD,EG11345,1191990,1192631,-
b1133,mnmA,EG11344,1192667,1193773,-
b1134,nudJ,G6580,1193827,1194288,-
b1135,rluE,G6581,1194298,1194951,-
b1136,icd,EG10489,1195123,1196373,+
b1137,ymfD,G6582,1196867,1197532,-
b1138,ymfE,G6583,1197533,1198237,-
b1139,lit,EG10535,1198695,1199588,+
b1140,intE,EG12370,1199679,1200806,-
b1141,xisE,G6585,1200787,1201032,-
b1142,ymfH,G6586,1201069,1201380,-
b1143,ymfI,G6587,1201497,1201838,+
b1144,ymfJ,G6588,1201776,1202084,-
b1145,ymfK,G6589,1202259,1202933,-
b1146,ymfT,G6590,1203024,1203224,+
b1147,ymfL,G6591,1203268,1203825,+
b1148,ymfM,G6592,1203822,1204160,+
b1149,ymfN,G6593,1204170,1205537,+
b1150,ymfR,G6594,1205549,1205731,+
b1151,beeE,G6595,1205731,1206204,+
b1153,ymfQ,G6597,1206913,1207497,+
b1154,ycfK,EG12877,1207501,1208130,+
b1155,tfaP,G6598,1208132,1208545,+
b1156,tfaE,EG11120,1208517,1209119,-
b1158,pinE,EG10737,1209685,1210239,+
b1159,mcrA,EG10573,1210346,1211179,+
b1160,iraM,G6600,1211680,1212003,-
b4738,ymgK,G0-16733,1212260,1212304,-
b4739,ymgL,G0-16734,1212540,1212650,-
b1161,ycgX,G6601,1212703,1213107,-
b1162,bluR,G6602,1213328,1214059,-
b1163,bluF,G6603,1214264,1215475,-
b1164,ycgZ,G6604,1215789,1216025,+
b1165,ymgA,G6605,1216068,1216340,+
b1166,ariR,G6606,1216369,1216635,+
b1167,ymgC,G6607,1216748,1216996,+
b1168,pdeG,G6608,1217328,1218851,+
b4520,ymgF,G0-10261,1218983,1219201,+
b1171,ymgD,G6611,1222305,1222634,-
b1172,ymgG,G6612,1222644,1222988,-
b4593,ymgI,G0-10589,1222990,1223163,-
b4594,ymgJ,G0-10590,1223264,1223449,+
b1174,minE,EG10598,1224279,1224545,-
b1175,minD,EG10597,1224549,1225361,-
b1176,minC,EG10596,1225385,1226080,-
b1177,ycgJ,G6614,1226600,1226968,+
b1178,pliG,G6615,1227071,1227472,-
b1179,ycgL,G6616,1227681,1228007,+
b1180,ycgM,G6617,1228079,1228738,+
b1181,ycgN,G6618,1228815,1229276,+
b1182,hlyE,G6619,1229483,1230394,-
b1183,umuD,EG11057,1230767,1231186,+
b1184,umuC,EG11056,1231186,1232454,+
b1185,dsbB,EG11393,1232500,1233030,-
b1186,nhaB,EG11392,1233176,1234717,-
b1187,fadR,EG10281,1234938,1235657,+
b1188,ycgB,EG11516,1235709,1237241,-
b1189,dadA,EG11407,1237571,1238869,+
b1190,dadX,EG11408,1238879,1239949,+
b4740,ymgM,G0-16735,1240260,1240463,+
b1191,cvrA,G6620,1240335,1242071,-
b1192,ldcA,G6621,1242166,1243080,-
b1193,emtA,G6622,1243180,1243791,+
b1194,ycgR,G6623,1243793,1244527,-
b1195,ymgE,G6624,1244728,1244982,+
b1196,ycgY,G6625,1245160,1245600,+
b1197,treA,EG11017,1245679,1247376,-
b1198,dhaM,EG12399,1247696,1249114,-
b1199,dhaL,G6626,1249125,1249757,-
b1200,dhaK,G6627,1249768,1250838,-
b1201,dhaR,G6628,1251066,1252985,+
b1202,ycgV,G6629,1253085,1255952,-
b1203,ychF,EG11404,1256721,1257812,-
b1204,pth,EG10785,1257929,1258513,-
b1205,ychH,EG11533,1258791,1259069,+
b1206,dauA,EG12392,1259124,1260803,-
b1207,prs,EG10774,1260928,1261875,-
b1208,ispE,EG11294,1262026,1262877,-
b1209,lolB,EG11293,1262877,1263500,-
b1210,hemA,EG10427,1263714,1264970,+
b1211,prfA,EG10761,1265012,1266094,+
b1212,prmC,EG12424,1266094,1266927,+
b1213,ychQ,G6630,1266924,1267316,+
b1214,ychA,EG11251,1267320,1268129,+
b1215,kdsA,EG10518,1268165,1269019,+
b4419,ldrA,G0-9602,1269168,1269275,-
b4420,rdlA,G0-9603,1269323,1269389,+
b4421,ldrB,G0-9605,1269703,1269810,-
b4422,rdlB,G0-9606,1269858,1269923,+
b4423,ldrC,G0-9607,1270238,1270345,-
b4424,rdlC,G0-9608,1270393,1270460,+
b1216,chaA,EG11753,1270749,1271849,-
b1217,chaB,EG12402,1272119,1272349,+
b1218,chaC,EG12403,1272507,1273202,+
b1219,ychN,EG12404,1273246,1273599,-
b1220,ychO,EG12405,1273784,1275178,+
b1221,narL,EG10643,1275179,1275829,-
b1222,narX,EG10646,1275822,1277618,-
b1223,narK,EG10642,1277957,1279348,+
b1224,narG,EG10638,1279864,1283607,+
b1225,narH,EG10639,1283604,1285142,+
b1226,narJ,EG10641,1285139,1285849,+
b1227,narI,EG10640,1285849,1286526,+
b1228,ychS,G6631,1286709,1286984,+
b4425,rttR,G0-9609,1287066,1287236,-
b1229,tpr,EG11016,1287087,1287176,-
b1230,tyrV,EG30108,1287244,1287328,-
b1231,tyrT,EG30106,1287538,1287622,-
b1232,purU,EG11819,1287782,1288624,-
b1233,ychJ,EG12119,1288674,1289132,-
b1234,rssA,EG12120,1289245,1290150,+
b1235,rssB,EG12121,1290242,1291255,+
b1236,galU,EG11319,1291457,1292365,+
b1237,hns,EG10457,1292509,1292922,-
b1238,tdk,EG10994,1293527,1294144,+
b1241,adhE,EG10031,1295446,1298121,-
b4771,ychT,G0-17017,1298514,1298567,+
b1242,ychE,EG11342,1298598,1299245,+
b4711,insH21,G0-16639,1299567,1300547,+
b1243,oppA,EG10674,1301182,1302813,+
b1244,oppB,EG10675,1302899,1303819,+
b1245,oppC,EG10676,1303834,1304742,+
b1246,oppD,EG10677,1304754,1305767,+
b1247,oppF,EG10678,1305764,1306768,+
b1248,yciU,G6633,1306821,1307150,-
b1249,clsA,EG11608,1307185,1308645,-
b4595,yciY,G0-8891,1308788,1308961,+
b1250,kch,EG11606,1309016,1310269,-
b1251,yciI,EG11607,1310569,1310865,-
b1252,tonB,EG11012,1311089,1311808,+
b1253,yciA,EG11121,1311848,1312246,-
b1254,yciB,EG11122,1312351,1312890,-
b1255,yciC,EG11123,1312920,1313663,-
b1256,ompW,EG11124,1314020,1314658,+
b1257,yciE,EG11125,1314718,1315224,-
b1258,yciF,EG11126,1315270,1315770,-
b1259,yciG,EG11127,1315856,1316035,-
b1260,trpA,EG11024,1316416,1317222,-
b1261,trpB,EG11025,1317222,1318415,-
b1262,trpC,EG11026,1318427,1319788,-
b1263,trpD,EG11027,1319789,1321384,-
b1264,trpE,EG11028,1321384,1322946,-
b1265,trpL,EG11274,1323038,1323082,-
b1266,rnm,G6634,1323220,1324101,+
b1267,yciO,G6635,1324098,1324718,+
b1268,yciQ,G6636,1324746,1326641,+
b1269,rluB,EG12433,1326852,1327727,+
b1270,btuR,EG10130,1327767,1328357,-
b1271,yciK,EG11759,1328354,1329112,-
b1272,sohB,EG10956,1329332,1330381,+
b1273,yciN,EG12868,1330417,1330668,-
b1274,topA,EG11013,1331048,1333645,+
b1275,cysB,EG10184,1333855,1334829,+
b4522,ymiA,G0-10512,1335148,1335288,+
b4523,yciX,G0-10513,1335291,1335458,+
b4741,ymiC,G0-16736,1335572,1335667,+
b1276,acnA,EG11325,1335831,1338506,+
b1277,ribA,EG11331,1338570,1339160,-
b1278,pgpB,EG10705,1339330,1340094,+
b1279,lapA,G6637,1340243,1340551,+
b1280,lapB,EG12691,1340558,1341727,+
b1281,pyrF,EG10809,1341921,1342658,+
b1282,yciH,EG11128,1342658,1342984,+
b1283,osmB,EG10679,1343110,1343328,-
b1284,yciT,G6638,1343597,1344346,-
b4596,yciZ,G0-10591,1344436,1344609,-
b4772,ymiD,G0-17018,1344647,1344775,+
b1285,pdeR,G6639,1344757,1346742,-
b4672,ymiB,G0-16673,1346796,1346900,+
b1286,rnb,EG11620,1346978,1348912,-
b1287,yciW,G6640,1348980,1350107,-
b1288,fabI,EG11528,1350251,1351039,-
b1289,ycjD,G6641,1351407,1351760,-
b1290,sapF,EG12305,1351828,1352634,-
b1291,sapD,EG12304,1352636,1353628,-
b1292,sapC,G2000,1353628,1354518,-
b1293,sapB,G2001,1354505,1355470,-
b1294,sapA,G2002,1355467,1357110,-
b1295,ymjA,G6642,1357423,1357668,-
b1296,puuP,G6643,1357802,1359187,-
b4742,ymjE,G0-16737,1359177,1359341,-
b1297,puuA,G6644,1359490,1360908,-
b1298,puuD,G6645,1361120,1361884,+
b1299,puuR,EG12431,1361911,1362468,+
b1300,puuC,EG10036,1362743,1364230,+
b1301,puuB,EG11822,1364232,1365512,+
b1302,puuE,G6646,1365550,1366815,+
b1303,pspF,EG12344,1366935,1367912,-
b1304,pspA,EG10776,1368079,1368747,+
b1305,pspB,EG10777,1368801,1369025,+
b1306,pspC,EG10778,1369025,1369384,+
b1307,pspD,EG10779,1369393,1369614,+
b1308,pspE,EG10780,1369689,1370003,+
b1309,ycjM,G6647,1370216,1371895,+
b1310,ycjN,G6648,1371909,1373201,+
b1311,ycjO,G6649,1373222,1374103,+
b1312,ycjP,G6650,1374090,1374932,+
b1313,ycjQ,G6651,1374963,1376015,+
b1314,ycjR,G6652,1376034,1376822,+
b1315,ycjS,G6653,1376832,1377887,+
b1316,ycjT,G6654,1377884,1380151,+
b1317,ycjU,G6655,1380148,1380807,+
b1319,ompG,G6657,1381947,1382852,+
b1320,ycjW,G6658,1382963,1383961,-
b1321,ycjX,G6659,1384117,1385514,+
b1322,ycjF,EG12870,1385511,1386572,+
b1323,tyrR,EG11042,1386720,1388261,+
b1324,tpx,G6660,1388305,1388811,-
b1325,ycjG,G6661,1388930,1389895,+
b1326,mpaA,G6662,1389870,1390598,-
b4525,ymjC,G0-10446,1390680,1390862,-
b4673,ymjD,G0-10645,1390868,1390933,-
b1327,ycjY,G6663,1390933,1391853,-
b1328,pgrR,G6664,1391991,1392890,+
b1329,mppA,G6665,1393227,1394840,+
b1330,ynaI,G6666,1394891,1395922,-
b1331,insH4,G6667,1396112,1397092,+
b1332,ynaJ,G6668,1397365,1397622,+
b1333,uspE,EG11246,1397672,1398622,-
b1334,fnr,EG10325,1398774,1399526,-
b1335,ogt,EG10668,1399721,1400236,-
b1336,abgT,EG12853,1400247,1401773,-
b1337,abgB,G6669,1401810,1403255,-
b1338,abgA,G6670,1403255,1404565,-
b1339,abgR,G6671,1404741,1405649,+
b4426,mcaS,G0-8899,1405658,1405751,-
b1340,smrA,G6672,1405979,1406542,+
b1341,dgcM,G6673,1406563,1407795,-
b4773,ynaN,G0-17019,1407989,1408036,+
b1342,zntB,G6674,1408050,1409033,+
b4699,fnrS,G0-10677,1409129,1409250,+
b4743,ynaL,G0-8900,1409308,1409481,+
b1343,dbpA,EG10210,1409511,1410884,+
b1344,ttcA,G6675,1411013,1411948,-
b1345,intR,G6676,1412000,1413235,-
b1346,xisR,G6677,1413237,1413452,-
b1347,rcbA,EG11901,1413531,1413740,-
b4714,ralA,G0-16600,1413556,1413734,+
b1348,ralR,EG11900,1413733,1413927,-
b1349,recT,EG11899,1413984,1414793,-
b1350,recE,EG10827,1414786,1417386,-
b1351,racC,EG10813,1417488,1417763,-
b4526,ydaE,G0-9081,1417838,1418008,-
b1352,kilR,EG12155,1418008,1418229,-
b1353,sieB,EG12154,1418671,1419159,+
b4527,ydaF,G0-10448,1419156,1419311,-
b1355,ydaG,G6679,1419322,1419456,-
b1356,racR,G6680,1419765,1420241,-
b1357,ydaS,G6681,1420365,1420661,+
b1358,ydaT,G6682,1420684,1421106,+
b1359,ydaU,G6683,1421119,1421976,+
b1360,ydaV,G6684,1421983,1422729,+
b1361,ydaW,G6685,1422752,1423312,+
b4528,rzoR,G0-10449,1423400,1423585,+
b1363,trkG,EG11020,1423782,1425239,+
b1365,ynaK,G6688,1425377,1425640,+
b1366,ydaY,G6689,1425621,1425980,+
b1368,ynaA,G6691,1426454,1427482,+
b1370,insH5,G6693,1427746,1428726,-
b1372,stfR,G6695,1429049,1432411,+
b1373,tfaR,G6696,1432411,1432986,+
b1374,pinR,G6697,1433084,1433674,-
b1375,ynaE,G6698,1433991,1434224,-
b4744,ynaM,G0-16738,1434293,1434406,-
b1376,uspF,G6699,1435185,1435619,-
b1377,ompN,G6700,1435760,1436893,-
b4427,micC,G0-8901,1437121,1437231,+
b1378,ydbK,G6701,1437260,1440784,-
b4529,ydbJ,G0-10450,1441058,1441324,+
b1379,hslJ,G6702,1441321,1441743,-
b1380,ldhA,G592,1441854,1442843,-
b1381,ydbH,G6703,1443051,1445690,+
b1382,ynbE,G6704,1445687,1445872,+
b1383,ydbL,G6705,1445880,1446206,+
b1384,feaR,G6706,1446378,1447283,-
b1385,feaB,G7961,1447519,1449018,+
b1386,tynA,EG13139,1449076,1451349,-
b1387,paaZ,G6708,1451597,1453642,-
b1388,paaA,G6709,1453927,1454856,+
b1389,paaB,G6710,1454868,1455155,+
b1390,paaC,G6711,1455164,1455910,+
b1391,paaD,G6712,1455925,1456422,+
b1392,paaE,G6713,1456430,1457500,+
b1393,paaF,G6714,1457497,1458264,+
b1394,paaG,G6715,1458264,1459052,+
b1395,paaH,G6716,1459054,1460481,+
b1396,paaI,G6717,1460471,1460893,+
b1397,paaJ,G6718,1460893,1462098,+
b1398,paaK,G6719,1462125,1463438,+
b1399,paaX,G6720,1463539,1464489,+
b1400,paaY,G6721,1464471,1465061,+
b4674,ynbG,G0-10646,1465165,1465230,-
b1402,insD2,G6723,1467921,1468826,-
b1403,insC2,G6724,1468784,1469149,-
b1404,insI2,G6725,1469358,1470509,+
b1406,pdxI,EG11309,1474221,1475081,+
b1407,ydbD,EG11310,1475144,1477450,+
b1408,ynbA,G6727,1477621,1478226,+
b1409,ynbB,G6728,1478226,1479122,+
b1410,ynbC,G6729,1479138,1480895,+
b1411,ynbD,G6730,1480909,1482201,+
b1412,azoR,G6731,1482255,1482860,-
b1413,hrpA,G6732,1483061,1486963,+
b1414,ydcF,EG12110,1487235,1488035,+
b1415,aldA,EG10035,1488232,1489671,+
b1418,cybB,EG10172,1490902,1491432,+
b4597,rydC,G0-10592,1491442,1491506,-
b1419,ydcA,EG11219,1491677,1491850,+
b4774,yncP,G0-17020,1491876,1491944,+
b4428,hokB,G0-9610,1491922,1492071,-
b1420,mokB,G6736,1491962,1492129,-
b4429,sokB,G0-9611,1492119,1492175,+
b1421,trg,EG11018,1492470,1494110,+
b1422,ydcI,G6737,1494148,1495071,-
b1423,ydcJ,G6738,1495288,1496631,+
b1424,opgD,EG12859,1496856,1498511,+
b1426,ydcH,EG12865,1498651,1498875,+
b1427,rimL,EG10853,1498938,1499477,+
b1428,ydcK,G6741,1499469,1500449,-
b1429,tehA,EG11883,1500573,1501565,+
b1430,tehB,EG11884,1501562,1502155,+
b1431,ydcL,G6742,1502457,1503125,+
b1432,insQ,G6743,1503657,1504865,+
b1433,ydcO,G6744,1504905,1506080,-
b1434,sutR,G6745,1506172,1506708,+
b1435,rlhA,G6746,1506781,1508742,+
b1436,yncJ,G6747,1508834,1509064,-
b4532,hicA,G0-10451,1509286,1509462,+
b1438,hicB,G6749,1509508,1509924,+
b1439,ydcR,G6750,1510003,1511409,+
b1440,ydcS,G6751,1511654,1512799,+
b1441,ydcT,G6752,1512817,1513830,+
b1442,ydcU,G6753,1513831,1514772,+
b1443,ydcV,G6754,1514762,1515556,+
b1444,patD,G6755,1515578,1517002,+
b4598,yncL,G0-8887,1517099,1517194,-
b1445,ortT,G6756,1517389,1517562,+
b1446,ydcY,G6757,1517648,1517881,+
b1447,ydcZ,G6758,1517882,1518331,-
b1448,mnaT,G6759,1518328,1518846,-
b1449,curA,G6760,1519027,1520064,+
b1450,mcbR,G6761,1520262,1520927,+
b1451,pqqU,G6762,1520963,1523065,-
b1452,yncE,G6763,1523307,1524368,+
b1453,ansP,G6764,1524481,1525980,-
b1454,yncG,G6765,1526247,1526864,+
b1455,yncH,G6766,1526940,1527152,+
b1457,ydcD,EG11760,1529922,1530404,+
b4745,yncO,G0-16739,1530319,1530504,-
b1460,ydcC,EG11526,1531816,1532952,+
b1461,pptA,EG11761,1533052,1533285,+
b1462,yddH,G6769,1533282,1533851,-
b1463,nhoA,G6770,1534024,1534869,+
b1464,yddE,EG11825,1534965,1535858,-
b1465,narV,EG10644,1535937,1536617,-
b1466,narW,EG10645,1536614,1537309,-
b1467,narY,EG10647,1537309,1538853,-
b1468,narZ,EG10648,1538850,1542590,-
b1469,narU,EG12153,1542672,1544060,-
b1471,yddK,G6772,1544758,1545714,-
b1472,yddL,G6773,1545738,1546028,-
b1473,yddG,EG12713,1546288,1547169,-
b1474,fdnG,EG11227,1547401,1550448,+
b1475,fdnH,EG11228,1550461,1551345,+
b1476,fdnI,EG11229,1551338,1551991,+
b1477,yddM,G6774,1552398,1552682,-
b1478,adhP,G6775,1552828,1553838,-
b1479,maeA,EG10948,1553972,1555669,-
b1480,sra,EG11508,1555826,1555963,-
b1481,bdm,G6776,1556065,1556280,-
b1482,osmC,EG10680,1556625,1557056,+
b1483,ddpF,G6777,1557112,1558038,-
b1484,ddpD,G6778,1558031,1559017,-
b1485,ddpC,G6779,1559014,1559910,-
b1486,ddpB,G6780,1559907,1560929,-
b1487,ddpA,G6781,1560931,1562481,-
b1488,ddpX,G6782,1562495,1563076,-
b1489,dosP,G6783,1563334,1565733,-
b1490,dosC,G6784,1565758,1567140,-
b4746,yddY,G0-16740,1567178,1567219,-
b1491,digH,G6785,1567504,1568823,-
b1492,gadC,G6786,1568954,1570489,-
b1493,gadB,EG11490,1570645,1572045,-
b1494,pqqL,EG11744,1572407,1575202,-
b1495,yddB,EG11743,1575247,1577619,-
b1496,yddA,EG11742,1577657,1579342,-
b4747,yneP,G0-16741,1579545,1579667,+
b1497,ydeM,G6787,1579633,1580790,-
b1498,ydeN,G6788,1580842,1582524,-
b1499,ydeO,G6789,1582926,1583687,-
b1500,safA,G6790,1583762,1583959,-
b1501,ydeP,G6791,1584207,1586486,-
b1502,ydeQ,G6792,1586820,1587734,-
b1503,ydeR,G6793,1587793,1588296,-
b1504,ydeS,G6794,1588309,1588839,-
b1505,ydeT,G6795,1588853,1590001,-
b1507,hipA,EG10443,1590854,1592176,-
b1508,hipB,EG10442,1592176,1592442,-
b1511,lsrK,G6798,1598617,1600209,-
b1512,lsrR,G6799,1600288,1601241,-
b1513,lsrA,G6800,1601490,1603025,+
b1514,lsrC,G6801,1603019,1604047,+
b1515,lsrD,G6802,1604047,1605039,+
b1516,lsrB,G6803,1605051,1606073,+
b1517,lsrF,G6804,1606100,1606975,+
b1518,lsrG,G6805,1606999,1607289,+
b1519,tam,G6806,1607346,1608104,+
b1520,yneE,G6807,1608108,1609022,-
b1521,uxaB,EG11065,1609229,1610680,-
b1522,dgcF,G6808,1610907,1611854,-
b1523,yneG,G6809,1611966,1612325,-
b1524,glsB,G6810,1612325,1613251,-
b1525,sad,G6811,1613315,1614703,-
b1526,ptrR,G6812,1614804,1615685,+
b1527,yneK,G6813,1615763,1616878,+
b1528,ydeA,EG11636,1617028,1618218,+
b1529,marC,EG11637,1618243,1618908,-
b1530,marR,EG11435,1619120,1619554,+
b1531,marA,EG11434,1619574,1619957,+
b1532,marB,EG11599,1619989,1620207,+
b1533,eamA,EG11639,1620238,1621137,-
b1534,ydeE,EG11640,1621332,1622519,+
b4599,mgtS,G0-8892,1622646,1622741,+
b4775,mgtT,G0-17021,1622741,1622845,+
b4698,mgrR,G0-10671,1622817,1622914,-
b1535,dgcZ,EG11643,1622960,1623850,-
b1536,ydeI,EG11644,1624105,1624497,-
b1537,ydeJ,EG11645,1624773,1625291,+
b1538,dcp,EG10212,1625335,1627380,-
b1539,ydfG,EG12345,1627517,1628263,+
b1540,rspR,G6814,1628352,1629038,+
b1541,ydfZ,G6815,1629215,1629418,+
b1542,ydfI,G6816,1629453,1630913,-
b1543,ydfJ,G6817,1631002,1632285,-
b4748,ynfT,G0-16742,1632890,1633003,+
b1544,ydfK,G6818,1633072,1633305,+
b1545,pinQ,G6819,1633622,1634212,+
b1546,tfaQ,G6820,1634310,1634885,-
b1547,stfQ,G6821,1634885,1635847,-
b1548,nohA,EG11634,1635798,1636367,-
b4533,ynfO,G0-10452,1636756,1636989,+
b1549,ydfO,G6822,1637047,1637457,+
b1550,gnsB,G6823,1637609,1637782,-
b1551,ynfN,G6824,1637954,1638109,-
b4749,ynfR,G0-16743,1638188,1638253,-
b4724,ynfQ,G0-16689,1638256,1638444,-
b1552,cspI,G6825,1638455,1638667,-
b1553,rzpQ,G6826,1639030,1639527,-
b4689,rzoQ,G0-16675,1639080,1639334,-
b1554,rrrQ,G6827,1639524,1640057,-
b1555,ydfR,G6828,1640054,1640365,-
b1556,essQ,G6829,1640370,1640585,-
b4776,ynfU,G0-17022,1640805,1640975,+
b1557,cspB,EG12203,1641339,1641554,-
b1558,cspF,EG12205,1641855,1642067,+
b4750,ynfS,G0-16744,1642122,1642211,+
b1559,ydfT,G6830,1642489,1643241,-
b1560,ydfU,G6831,1643255,1644304,-
b1561,rem,EG11129,1644651,1644902,-
b1562,hokD,EG11130,1645119,1645274,-
b1563,relE,EG11131,1645346,1645633,-
b1564,relB,EG10836,1645633,1645872,-
b1565,ydfV,G6832,1645897,1646202,+
b1566,flxA,G6833,1646405,1646737,+
b1567,ydfW,G6834,1647174,1647323,-
b1568,ydfX,G6835,1647346,1647636,-
b1569,dicC,EG10228,1647620,1647850,-
b1570,dicA,EG10226,1647934,1648341,+
b1571,ydfA,EG11300,1648508,1648663,+
b1572,ydfB,EG11301,1648665,1648793,+
b1573,ydfC,EG11302,1648823,1649041,+
b1574,dicF,EG31115,1649382,1649434,+
b1575,dicB,EG10227,1649609,1649797,+
b1576,ydfD,EG11303,1649794,1649985,+
b4534,ynfP,G0-10559,1652728,1652838,-
b1580,rspB,G6838,1652896,1653915,-
b1581,rspA,G6839,1653927,1655141,-
b1582,ynfA,G6840,1655347,1655673,-
b1583,ynfB,G6841,1655808,1656149,+
b1584,speG,G6842,1656184,1656744,+
b1585,ynfC,G6843,1656747,1657457,-
b1586,ynfD,G6844,1657565,1657870,+
b1587,ynfE,G6845,1658069,1660495,+
b1588,ynfF,G6846,1660556,1662979,+
b1589,ynfG,G6847,1662990,1663607,+
b1590,ynfH,G6848,1663609,1664463,+
b1591,dmsD,G6849,1664506,1665120,+
b1592,clcB,G6850,1665315,1666571,+
b1593,bidA,G6851,1666524,1667219,-
b1594,mlc,G6852,1667344,1668564,-
b1595,ynfL,G6853,1668699,1669592,-
b1596,ynfM,G6854,1669699,1670952,+
b1597,asr,G6855,1671376,1671684,+
b4601,ydgU,G0-10593,1671777,1671860,+
b1598,ydgD,G6856,1671960,1672781,+
b1599,mdtI,G6857,1672820,1673149,-
b1600,mdtJ,G6858,1673136,1673501,-
b4777,mdtU,G0-17023,1673608,1673709,-
b1601,tqsA,G6859,1673913,1674947,+
b1602,pntB,EG10745,1674972,1676360,-
b1603,pntA,EG10744,1676371,1677903,-
b1604,ydgH,G6860,1678427,1679371,+
b1605,ydgI,G6861,1679557,1680939,+
b1606,folM,G6862,1680976,1681698,+
b1607,ydgC,G6863,1681695,1682030,-
b1608,rstA,G6864,1682159,1682878,+
b1609,rstB,EG11233,1682882,1684183,+
b1610,tus,EG11038,1684259,1685188,+
b1611,fumC,EG10358,1685185,1686588,-
b1612,fumA,EG10356,1686731,1688377,-
b1613,manA,EG10566,1688576,1689751,+
b1614,ydgA,G6865,1689852,1691360,+
b1615,uidC,G6866,1691586,1692851,-
b1616,uidB,EG11658,1692890,1694263,-
b1617,uidA,EG11055,1694260,1696071,-
b1618,uidR,G6867,1696462,1697052,-
b1619,hdhA,EG10425,1697273,1698040,-
b1620,malI,EG10557,1698152,1699180,-
b1621,malX,EG10563,1699355,1700947,+
b1622,malY,EG10564,1700957,1702129,+
b1623,add,EG10030,1702233,1703234,+
b1624,ydgJ,G6868,1703268,1704308,-
b4409,blr,G0-9561,1704551,1704676,+
b1625,cnu,G6869,1704949,1705164,+
b1626,ydgK,G6870,1705250,1705690,+
b1627,rsxA,G6871,1705767,1706348,+
b1628,rsxB,G6872,1706348,1706926,+
b1629,rsxC,G6873,1706919,1709141,+
b1630,rsxD,G6874,1709142,1710200,+
b1631,rsxG,G6875,1710204,1710824,+
b1632,rsxE,G6876,1710828,1711523,+
b1633,nth,EG10662,1711523,1712158,+
b1634,dtpA,G6877,1712769,1714271,+
b1635,gstA,G6878,1714377,1714982,+
b1636,pdxY,G6879,1715026,1715889,-
b1637,tyrS,EG11043,1715948,1717222,-
b1638,pdxH,EG11487,1717351,1718007,-
b1639,mliC,EG11488,1718066,1718395,-
b1640,anmK,G6880,1718493,1719602,-
b1641,slyB,G6881,1719876,1720343,+
b1642,slyA,G6882,1720390,1720824,-
b1643,ydhI,G6883,1721025,1721261,+
b1644,ydhJ,G6884,1721264,1722121,+
b1645,ydhK,G6885,1722121,1724133,+
b1646,sodC,G6886,1724134,1724655,-
b1647,ydhF,G6887,1724736,1725632,-
b1648,ydhL,G6888,1725681,1725920,-
b1649,nemR,G6889,1726023,1726622,+
b1650,nemA,G6890,1726659,1727756,+
b1651,gloA,G6891,1727837,1728244,+
b1652,rnt,EG11547,1728347,1728994,+
b1653,lhr,EG11548,1729087,1733703,+
b1654,grxD,EG12181,1733754,1734101,-
b1655,mepH,G6892,1734435,1735250,+
b1656,sodB,EG10954,1735378,1735959,+
b1657,ydhP,G6893,1736121,1737290,-
b4602,cydH,G0-10594,1737456,1737545,-
b1658,purR,EG10800,1737844,1738869,+
b1659,punR,EG12140,1738866,1739798,-
b1660,punC,EG12141,1739911,1741122,+
b1661,cfa,EG11531,1741413,1742561,+
b1662,ribC,EG11406,1742601,1743242,-
b1663,mdtK,EG12400,1743457,1744830,+
b1664,ydhQ,G6894,1744871,1746127,-
b1665,valV,EG30111,1746435,1746511,+
b1666,valW,EG30112,1746516,1746592,+
b1667,ydhR,G6895,1746700,1747005,+
b1668,ydhS,G6896,1747131,1748735,+
b1669,ydhT,G6897,1748747,1749559,-
b1670,ydhU,G6898,1749563,1750348,-
b1671,ydhX,G6899,1750345,1751013,-
b1672,ydhW,G6900,1751077,1751724,-
b1673,ydhV,G6901,1751728,1753830,-
b1674,ydhY,G6902,1753851,1754477,-
b1675,fumD,G6903,1754932,1755141,-
b1676,pykF,EG10804,1755698,1757110,+
b1677,lpp,EG10544,1757421,1757657,+
b1678,ldtE,G6904,1757721,1758725,-
b1679,sufE,G6905,1758874,1759290,-
b1680,sufS,G6906,1759303,1760523,-
b1681,sufD,G6907,1760520,1761791,-
b1682,sufC,G6908,1761766,1762512,-
b1683,sufB,G6909,1762522,1764009,-
b1684,sufA,EG11378,1764018,1764386,-
b4430,rydB,G0-8876,1764713,1764780,-
b1685,ydiH,G6911,1764934,1765122,-
b1686,menI,G6912,1765222,1765632,-
b1687,ydiJ,G6913,1765629,1768685,-
b1688,ydiK,G6914,1769074,1770186,+
b4431,rprA,G0-8863,1770372,1770477,+
b1689,ydiL,G6915,1770615,1770971,+
b1690,ydiM,G6916,1771071,1772285,+
b1691,ydiN,G6917,1772512,1773777,+
b1692,ydiB,EG11234,1773789,1774655,+
b1693,aroD,EG10076,1774686,1775444,+
b1694,ydiF,EG12432,1775587,1777182,+
b1695,ydiO,G6918,1777196,1778347,+
b1696,ydiP,G6919,1778390,1779301,-
b1697,ydiQ,G6920,1779617,1780381,+
b1698,ydiR,G6921,1780401,1781339,+
b1699,ydiS,G6922,1781395,1782684,+
b1700,ydiT,G6923,1782681,1782974,+
b1701,fadK,EG12357,1782977,1784677,+
b1702,ppsA,EG10759,1784734,1787112,-
b1703,ppsR,EG11132,1787445,1788278,+
b1704,aroH,EG10080,1788435,1789481,+
b1705,ydiE,EG12391,1789613,1789804,+
b1706,selO,G6924,1789808,1791244,-
b1707,rflP,G6925,1791307,1792020,-
b1708,nlpC,EG11133,1792267,1792731,-
b1709,btuD,EG10128,1792809,1793558,-
b1710,btuE,EG10129,1793558,1794109,-
b1711,btuC,EG10127,1794172,1795152,-
b1712,ihfA,EG10440,1795253,1795552,-
b1713,pheT,EG10710,1795557,1797944,-
b1714,pheS,EG10709,1797959,1798942,-
b1715,pheM,EG11272,1799226,1799270,-
b1716,rplT,EG10881,1799393,1799749,-
b1717,rpmI,EG11231,1799802,1799999,-
b1718,infC,EG10506,1800096,1800638,-
b1719,thrS,EG11001,1800642,1802570,-
b4535,yniD,G0-10453,1805165,1805272,+
b1722,ydiY,G6928,1805325,1806083,-
b1723,pfkB,EG10700,1806370,1807299,+
b1724,ydiZ,G6929,1807400,1807690,+
b1725,yniA,G6930,1807796,1808656,+
b1726,yniB,G6931,1808697,1809233,-
b1727,hxpB,G6932,1809380,1810048,+
b1728,ydjM,G6933,1810211,1810801,+
b1729,tcyP,G6934,1810934,1812325,+
b1730,ydjO,G6935,1812329,1813132,-
b1731,cedA,G6936,1813421,1813663,-
b1732,katE,EG10509,1813867,1816128,+
b1733,chbG,EG12198,1816386,1817135,-
b1734,chbF,EG10144,1817148,1818500,-
b1735,chbR,EG10143,1818605,1819447,-
b1736,chbA,EG10142,1819455,1819805,-
b1737,chbC,EG10141,1819856,1821214,-
b1738,chbB,EG10140,1821299,1821619,-
b1739,osmE,EG10044,1821918,1822256,-
b1740,nadE,EG10663,1822458,1823285,+
b1741,cho,G6937,1823515,1824402,+
b1742,ves,G6938,1824362,1824937,-
b1743,spy,G6939,1825140,1825625,-
b1744,astE,G6940,1825955,1826923,-
b1745,astB,G6941,1826916,1828259,-
b1746,astD,G6942,1828256,1829734,-
b1747,astA,G6943,1829731,1830765,-
b1748,astC,G6944,1830762,1831982,-
b1749,xthA,EG11073,1832428,1833234,+
b1750,ydjX,G6945,1833401,1834111,+
b1751,ydjY,G6946,1834116,1834793,+
b1752,ydjZ,G6947,1834808,1835515,+
b1753,ynjA,G6948,1835515,1836063,+
b1754,ynjB,G6949,1836073,1837239,+
b1755,ynjC,G6950,1837212,1838747,+
b1756,ynjD,G6951,1838747,1839400,+
b1757,ynjE,G6952,1839467,1840774,+
b1758,ynjF,G6953,1840783,1841403,-
b1759,nudG,G6954,1841490,1841897,+
b1760,ynjH,G6955,1841863,1842135,-
b1761,gdhA,EG10372,1842371,1843714,+
b1762,ynjI,G6956,1843831,1844871,-
b1763,topB,EG11014,1844999,1846960,-
b1764,selD,EG10943,1846965,1848008,-
b1765,ydjA,EG11134,1848125,1848676,-
b1766,sppA,EG10968,1848837,1850693,+
b1767,ansA,EG10045,1850860,1851876,+
b1768,pncA,EG11135,1851887,1852528,+
b1769,ydjE,EG12369,1852621,1853979,-
b1770,ydjF,G6957,1854096,1854854,-
b1771,ydjG,G6958,1854991,1855971,-
b1772,ydjH,G6959,1855981,1856928,-
b1773,ydjI,G6960,1856933,1857769,-
b1774,ydjJ,G6961,1857790,1858833,-
b1775,ydjK,G6962,1858850,1860229,-
b1776,ydjL,G6963,1860256,1861332,-
b1777,yeaC,G6964,1861702,1861974,-
b1778,msrB,EG12394,1862016,1862429,-
b1779,gapA,EG10367,1862771,1863766,+
b1780,yeaD,G6966,1863850,1864734,+
b1781,yeaE,G6967,1864782,1865636,-
b1782,mipA,G6968,1865726,1866472,-
b1783,yeaG,G6969,1866908,1868842,+
b1784,yeaH,G6970,1868955,1870238,+
b1785,cdgI,G6971,1870385,1871860,+
b1786,dgcJ,G6972,1872041,1873531,+
b1787,yeaK,G6973,1873574,1874077,+
b1788,yoaI,G6974,1874078,1874182,-
b1789,yeaL,G6975,1874352,1874798,+
b1790,nimR,G6976,1874755,1875576,-
b1791,nimT,G6977,1875673,1876854,+
b1792,yeaO,G6978,1876909,1877256,+
b1793,yoaF,G6979,1877278,1877532,-
b1794,dgcP,G6980,1877715,1878740,+
b4676,yoaK,G0-10649,1878773,1878871,+
b4675,yoaJ,G0-10648,1878874,1878948,+
b1795,yeaQ,G6981,1879007,1879255,-
b1796,yoaG,G6982,1879403,1879585,-
b1797,yeaR,G6983,1879589,1879948,-
b1798,leuE,G6984,1880121,1880759,-
b1799,dmlR,G6985,1880886,1881809,-
b1800,dmlA,G6986,1881912,1882997,+
b1801,yeaV,G6987,1883188,1884633,+
b1802,yeaW,G6988,1884665,1885789,+
b1803,yeaX,G6989,1885845,1886810,+
b1804,rnd,EG10858,1886864,1887991,-
b1805,fadD,EG11530,1888061,1889746,-
b1806,yeaY,G6990,1889951,1890532,-
b1807,tsaB,G6991,1890572,1891267,-
b1808,yoaA,G6992,1891325,1893235,-
b1809,yoaB,G6993,1893367,1893711,+
b1810,yoaC,G6994,1894133,1894432,+
b1811,yoaH,G6995,1894552,1894731,-
b1812,pabB,EG10683,1894805,1896166,+
b1813,nudL,EG12693,1896170,1896748,+
b1814,sdaA,EG10930,1896932,1898296,+
b1815,pdeD,G6996,1898427,1900025,+
b1816,yoaE,G6997,1900029,1901585,-
b4751,yoaL,G0-16745,1901573,1901731,-
b1817,manX,EG10567,1902048,1903019,+
b1818,manY,EG10568,1903082,1903882,+
b1819,manZ,EG10569,1903895,1904746,+
b1820,yobD,G6998,1904801,1905259,+
b1821,mntP,G6999,1905688,1906254,+
b1822,rlmA,EG12207,1906251,1907060,-
b1823,cspC,EG12204,1907226,1907435,-
b1824,yobF,G7000,1907448,1907591,-
b1825,yebO,G7001,1908261,1908548,-
b1826,mgrB,G7002,1908623,1908766,-
b4536,yobH,G0-10454,1908925,1909164,+
b1827,kdgR,G7003,1909308,1910099,-
b1828,yebQ,G7004,1910276,1911649,+
b1829,htpX,EG10462,1911695,1912576,-
b1830,prc,EG10760,1912768,1914816,-
b1831,proQ,EG12866,1914836,1915534,-
b1832,msrC,G7005,1915631,1916128,-
b1833,letA,G7006,1916258,1917541,+
b1834,letB,G7007,1917510,1920143,+
b1835,rsmF,G7008,1920223,1921662,+
b1836,yebV,G7009,1921780,1922016,+
b1837,yebW,G7010,1922121,1922312,+
b1838,pphA,G7011,1922313,1922969,-
b4432,ryeA,G0-8865,1923066,1923337,+
b4433,sdsR,G0-8883,1923104,1923207,-
b1839,yebY,G7012,1923365,1923706,-
b1840,yebZ,G7013,1923719,1924591,-
b1841,yobA,G7014,1924595,1924969,-
b1842,holE,EG11505,1925108,1925338,+
b1843,yobB,G7015,1925440,1926096,+
b1844,exoX,G7016,1926120,1926782,+
b1845,ptrB,EG11004,1926779,1928839,-
b1846,yebE,EG11806,1929048,1929707,-
b1847,yebF,EG11807,1930034,1930390,-
b1848,yebG,EG11808,1930457,1930747,-
b1849,purT,EG11809,1930881,1932059,+
b1850,eda,EG10256,1932115,1932756,-
b1851,edd,EG10257,1932793,1934604,-
b1852,zwf,EG11221,1934839,1936314,-
b1853,yebK,EG12860,1936652,1937521,+
b1854,pykA,EG10803,1937649,1939091,+
b1855,lpxM,EG10614,1939222,1940193,-
b1856,mepM,EG10013,1940313,1941635,-
b1857,znuA,G7017,1941651,1942583,-
b1858,znuC,G7018,1942662,1943417,+
b1859,znuB,EG12368,1943414,1944199,+
b1860,ruvB,RUVB,1944346,1945356,-
b1861,ruvA,RUVA,1945365,1945976,-
b4677,yobI,G0-10644,1946115,1946180,-
b1862,yebB,EG11136,1946251,1946853,+
b1863,ruvC,EG10925,1946855,1947376,-
b1864,yebC,EG11137,1947411,1948151,-
b1865,nudB,EG11138,1948180,1948632,-
b1866,aspS,EG10097,1948750,1950522,-
b1867,yecD,EG12378,1950832,1951398,+
b1868,yecE,EG12379,1951395,1952213,+
b1869,yecN,G7019,1952266,1952661,+
b1870,cmoA,G7020,1952702,1953445,+
b1871,cmoB,G7021,1953442,1954413,+
b1872,torZ,G7022,1954578,1957007,-
b1873,torY,G7023,1957032,1958132,-
b4717,micL,G0-16601,1958441,1958747,-
b1874,cutC,G7024,1958520,1959266,-
b1875,yecM,G7025,1959280,1959846,-
b1876,argS,EG10071,1960062,1961795,+
b4778,yecV,G0-17024,1961837,1961881,-
b1877,yecT,G7026,1961972,1962460,+
b1878,flhE,G7027,1962580,1962972,-
b1879,flhA,G370,1962972,1965050,-
b1880,flhB,G7028,1965043,1966191,-
b1881,cheZ,EG10151,1966393,1967037,-
b1882,cheY,EG10150,1967048,1967437,-
b1883,cheB,EG10147,1967452,1968501,-
b1884,cheR,EG10148,1968504,1969364,-
b1885,tap,EG10987,1969383,1970984,-
b1886,tar,EG10988,1971030,1972691,-
b1887,cheW,EG10149,1972836,1973339,-
b1888,cheA,EG10146,1973360,1975324,-
b1889,motB,EG10602,1975329,1976255,-
b1890,motA,EG10601,1976252,1977139,-
b1891,flhC,EG10319,1977266,1977844,-
b1892,flhD,EG10320,1977847,1978197,-
b1893,insB5,G7029,1978518,1979021,-
b1894,insA5,G7030,1978940,1979215,-
b1895,uspC,G7031,1979753,1980181,+
b1896,otsA,EG11751,1980188,1981612,-
b1897,otsB,EG11752,1981587,1982387,-
b4460,araH,EG10059,1982554,1983540,-
b1900,araG,EG10058,1983555,1985069,-
b1901,araF,EG10057,1985139,1986128,-
b1902,ftnB,G7033,1986925,1987428,+
b4537,yecJ,G0-10455,1987507,1987758,-
b4663,azuC,G0-10653,1987873,1987959,-
b1904,yecR,G7035,1988222,1988545,+
b1905,ftnA,EG10921,1988716,1989213,+
b1906,yecH,G7036,1989251,1989490,-
b1907,tyrP,EG11041,1989681,1990892,+
b1908,yecA,EG11139,1990954,1991619,-
b4759,3'ETS-<i>leuZ</i>,G0-16636,1991748,1991814,-
b1909,leuZ,EG30054,1991815,1991901,-
b1910,cysT,G7991,1991914,1991987,-
b1911,glyW,EG30039,1992042,1992117,-
b1912,pgsA,EG10706,1992269,1992817,-
b1913,uvrC,EG11063,1992874,1994706,-
b1914,uvrY,EG11140,1994703,1995359,-
b4752,yecU,G0-16746,1995655,1995831,+
b1915,yecF,EG12861,1995818,1996042,+
b1916,sdiA,EG10935,1996110,1996832,-
b4719,sdsN,G0-10699,1996921,1997057,+
b1917,tcyN,EG12347,1997062,1997814,-
b1918,tcyL,G7037,1997811,1998479,-
b1919,dcyD,G7038,1998494,1999480,-
b1920,tcyJ,G7039,1999585,2000385,-
b1921,fliZ,EG11356,2000473,2001024,-
b1922,fliA,EG11355,2001070,2001789,-
b1923,fliC,EG10321,2002110,2003606,-
b1924,fliD,EG10841,2003872,2005278,+
b1925,fliS,EG11388,2005303,2005713,+
b1926,fliT,EG11389,2005713,2006078,+
b1927,amyA,EG11387,2006156,2007643,+
b1928,yedD,EG11659,2007677,2008090,-
b1929,yedE,EG11660,2008277,2009482,+
b1930,yedF,EG11661,2009479,2009712,+
b1931,yedK,EG11662,2009821,2010489,+
b1932,yedL,G7040,2010600,2011079,+
b1937,fliE,EG11346,2012700,2013014,-
b1938,fliF,EG11347,2013229,2014887,+
b1939,fliG,EG11654,2014880,2015875,+
b1940,fliH,EG11656,2015868,2016554,+
b1941,fliI,G377,2016554,2017927,+
b1942,fliJ,G378,2017946,2018389,+
b1943,fliK,G379,2018386,2019513,+
b1944,fliL,EG10322,2019618,2020082,+
b1945,fliM,EG10323,2020087,2021091,+
b1946,fliN,EG10324,2021088,2021501,+
b1947,fliO,EG11224,2021504,2021869,+
b1948,fliP,EG11975,2021869,2022606,+
b1949,fliQ,EG11976,2022616,2022885,+
b1950,fliR,EG11977,2022893,2023678,+
b1951,rcsA,EG10820,2023968,2024591,+
b1952,dsrB,G7045,2024635,2024823,-
b1953,yodD,G7046,2024986,2025213,+
b1954,dsrA,G7047,2025223,2025313,-
b1955,yedP,G7048,2025511,2026326,+
b1956,dgcQ,G7049,2026323,2028017,-
b1957,yodC,G7050,2028188,2028370,-
b1958,yedI,EG12709,2028449,2029366,-
b1959,yedA,EG11141,2029539,2030459,+
b1960,vsr,EG11068,2030448,2030918,-
b1961,dcm,EG10211,2030899,2032317,-
b1962,yedJ,EG12710,2032384,2033079,-
b1963,drpB,G7051,2033119,2033421,-
b4603,rseX,G0-10574,2033649,2033739,+
b1967,hchA,G7055,2035835,2036686,+
b1968,hprS,G7056,2036794,2038152,-
b1969,hprR,G7057,2038152,2038823,-
b1970,hiuH,G7058,2038956,2039369,+
b1971,msrP,G7059,2039478,2040482,+
b1972,msrQ,G7060,2040483,2041118,+
b1973,zinT,G7061,2041375,2042025,+
b1974,yodB,G7062,2042368,2042898,+
b1975,serU,EG30094,2043468,2043557,-
b1976,mtfA,G7063,2043651,2044448,+
b1977,asnT,EG30020,2044549,2044624,+
b1978,yeeJ,G7064,2044995,2052014,+
b1981,shiA,G7067,2053643,2054959,+
b1982,amn,EG10039,2055061,2056515,+
b1983,yeeN,G7068,2056858,2057574,+
b1984,asnW,G7069,2058027,2058102,-
b1985,yeeO,G7070,2058203,2059846,-
b1986,asnU,EG30021,2059851,2059926,+
b1987,cbl,G7071,2059964,2060914,-
b1988,nac,G7072,2061016,2061933,-
b1989,asnV,EG30022,2062260,2062335,+
b1990,ldtA,G7073,2062391,2063323,-
b1991,cobT,EG12151,2063388,2064467,-
b1992,cobS,EG12150,2064479,2065222,-
b1993,cobU,EG13238,2065219,2065764,-
b1994,insH6,G7074,2066305,2067285,-
b1996,insD3,G7076,2068952,2069857,-
b1997,insC3,G7077,2069815,2070180,-
b4435,isrC,G0-8905,2071317,2071511,+
b2000,flu,G7080,2071539,2074658,+
b2001,yeeR,G7081,2074779,2076311,+
b2002,yeeS,G7082,2076308,2076754,+
b2003,yeeT,G7083,2076817,2077038,+
b2004,cbeA,G7084,2077112,2077480,+
b2005,cbtA,G7085,2077569,2077943,+
b2006,yeeW,G7086,2077940,2078134,+
b4538,yoeF,G0-10456,2078575,2078931,+
b2007,tmaR,G7087,2079032,2079361,-
b2008,yeeA,EG11891,2079533,2080591,-
b2009,sbmC,EG11892,2080789,2081262,-
b2010,dacD,EG11893,2081381,2082547,-
b2011,sbcB,EG10926,2082756,2084183,+
b2012,tsuB,EG11894,2084226,2084453,-
b2013,tsuA,EG11895,2084467,2085525,-
b2014,plaP,EG11896,2085704,2087062,-
b4678,yoeI,G0-10643,2087052,2087114,-
b2015,yeeY,G7088,2087329,2088258,-
b2016,yeeZ,G7089,2088304,2089128,-
b4539,yoeB,G0-9121,2089211,2089465,-
b2017,yefM,EG12844,2089462,2089713,-
b2018,hisL,EG11269,2089996,2090046,+
b2019,hisG,EG10449,2090192,2091091,+
b2020,hisD,EG10447,2091097,2092401,+
b2021,hisC,EG10446,2092398,2093468,+
b2022,hisB,EG10445,2093468,2094535,+
b2023,hisH,EG10450,2094535,2095125,+
b2024,hisA,EG10444,2095125,2095862,+
b2025,hisF,EG10448,2095844,2096620,+
b2026,hisI,EG10451,2096614,2097225,+
b2027,wzzB,G7090,2097321,2098301,-
b2028,ugd,G7091,2098447,2099613,-
b2029,gnd,EG10411,2099862,2101268,-
b2030,insH7,G7092,2101895,2102875,-
b2032,wbbK,EG11985,2103391,2104509,-
b2033,wbbJ,EG11984,2104494,2105084,-
b2034,wbbI,EG11983,2105065,2106057,-
b2035,wbbH,EG11982,2106060,2107226,-
b2036,glf,EG11981,2107226,2108329,-
b2037,rfbX,EG11980,2108337,2109584,-
b2038,rfbC,EG11979,2109581,2110138,-
b2039,rfbA,EG11978,2110138,2111019,-
b2040,rfbD,EG12411,2111077,2111976,-
b2041,rfbB,EG12412,2111976,2113061,-
b2042,galF,G7093,2113434,2114327,-
b2043,wcaM,G7094,2114502,2115896,-
b2044,wcaL,G7095,2115907,2117127,-
b2045,wcaK,G7096,2117124,2118404,-
b2046,wzxC,G7097,2118680,2120158,-
b2047,wcaJ,G7098,2120160,2121554,-
b2048,cpsG,EG10162,2121609,2122979,-
b2049,cpsB,EG10161,2123084,2124520,-
b2050,wcaI,EG11790,2124523,2125746,-
b2051,gmm,EG11789,2125743,2126222,-
b2052,fcl,EG11788,2126225,2127190,-
b2053,gmd,EG11787,2127193,2128314,-
b2054,wcaF,G7099,2128340,2128888,-
b2055,wcaE,G7100,2128904,2129650,-
b2056,wcaD,G7101,2129661,2130878,-
b2057,wcaC,G7102,2130853,2132070,-
b2058,wcaB,G7103,2132067,2132555,-
b2059,wcaA,G7104,2132558,2133397,-
b2060,wzc,G7105,2133490,2135652,-
b2061,wzb,G7106,2135655,2136098,-
b2062,wza,G7107,2136104,2137243,-
b2063,yegH,G7108,2137902,2139485,+
b2064,asmA,EG11361,2139759,2141612,-
b2065,dcd,EG11418,2141634,2142215,-
b2066,udk,EG11701,2142307,2142948,-
b2067,dgcE,EG12396,2143266,2146583,+
b2068,alkA,EG11222,2146692,2147540,-
b2069,yegD,EG12200,2147674,2149026,+
b2070,yegI,G7109,2149039,2150985,-
b2071,yegJ,G7110,2151185,2151646,+
b2072,pphC,G7111,2151711,2152472,-
b2073,yegL,G7112,2152469,2153128,-
b4436,sibA,G0-8884,2153311,2153454,+
b4667,ibsA,G0-10633,2153349,2153408,-
b4437,sibB,G0-8885,2153646,2153781,+
b4668,ibsB,G0-10632,2153681,2153737,-
b2074,mdtA,G7113,2154016,2155263,+
b2075,mdtB,G7114,2155263,2158385,+
b2076,mdtC,G7115,2158386,2161463,+
b2077,mdtD,EG12136,2161464,2162879,+
b2078,baeS,EG11617,2162876,2164279,+
b2079,baeR,EG11618,2164276,2164998,+
b2080,yegP,G7117,2165189,2165521,+
b2081,trhP,G7118,2165668,2167029,+
b4438,cyaR,G0-8878,2167114,2167200,+
b2082,ogrK,G7119,2167302,2167520,-
b2085,yegR,G7122,2167989,2168306,-
b2086,yegS,G7123,2168712,2169611,+
b2088,insE5,G7125,2170236,2170535,+
b2089,insF5,G7126,2170532,2171398,+
b2091,gatD,EG12417,2171833,2172873,-
b2093,gatB,EG12415,2174282,2174566,-
b2094,gatA,EG12414,2174597,2175049,-
b2095,gatZ,G7128,2175059,2176321,-
b2096,gatY,EG12419,2176350,2177204,-
b2097,fbaB,G7129,2177512,2178564,-
b2098,yegT,G7130,2178821,2180098,+
b2099,yegU,G7131,2180095,2181099,+
b2100,yegV,G7132,2181096,2182061,+
b2101,yegW,G7133,2182035,2182781,-
b2102,yegX,G7134,2182833,2183651,-
b2103,thiD,G7135,2183716,2184516,-
b2104,thiM,M007,2184513,2185301,-
b2105,rcnR,G7137,2185524,2185796,-
b2106,rcnA,G7138,2185917,2186741,+
b2107,rcnB,G7139,2186960,2187298,+
b2108,yehA,EG11987,2187380,2188414,-
b2109,yehB,EG11988,2188430,2190910,-
b2110,yehC,EG11989,2190926,2191645,-
b2111,yehD,EG11990,2191680,2192222,-
b2112,yehE,EG11991,2192515,2192796,-
b2113,mrp,EG10611,2193059,2194168,-
b2114,metG,EG10586,2194300,2196333,+
b2115,yehF,EG11992,2196474,2197298,+
b2118,yehI,EG11995,2200279,2203911,+
b4541,yehK,G0-10458,2203972,2204289,+
b2119,yehL,EG11998,2204596,2205684,+
b2120,yehM,EG11999,2205695,2207974,+
b2121,yehP,EG12002,2207967,2209103,+
b2122,yehQ,EG12003,2209100,2210944,+
b2123,yehR,EG12004,2211225,2211686,+
b2124,yehS,EG12005,2211726,2212196,-
b2125,btsR,EG12006,2212243,2212962,-
b2126,btsS,EG12007,2212959,2214644,-
b2127,mlrA,EG12008,2214866,2215597,+
b4542,yohO,G0-10459,2215657,2215764,+
b2128,yehW,EG12009,2215745,2216476,-
b2129,yehX,EG12010,2216481,2217407,-
b2130,yehY,EG12011,2217400,2218557,-
b2131,osmF,EG12012,2218564,2219481,-
b2132,bglX,EG12013,2219692,2221989,-
b2133,dld,EG10231,2222185,2223900,+
b2134,pbpG,EG12015,2223938,2224870,-
b2135,yohC,EG12016,2225044,2225631,-
b2136,yohD,EG12017,2225801,2226379,+
b2137,yohF,EG12019,2226509,2227270,-
b4679,yohP,G0-10652,2228982,2229065,+
b2140,dusC,EG12022,2229438,2230385,-
b2141,yohJ,EG12023,2230624,2231022,+
b2142,yohK,EG12024,2231019,2231714,+
b2143,cdd,EG10137,2231844,2232728,+
b2144,sanA,EG12025,2232878,2233597,+
b2145,yeiS,G7144,2233600,2233839,+
b2146,preT,G7145,2234033,2235271,+
b2147,preA,EG11289,2235265,2236500,+
b2148,mglC,EG10594,2236743,2237753,-
b2149,mglA,EG10592,2237769,2239289,-
b2150,mglB,EG10593,2239350,2240348,-
b2151,galS,EG10365,2240628,2241668,-
b2152,yeiB,EG11290,2241810,2242967,-
b2153,folE,EG11375,2242984,2243652,-
b2154,yeiG,EG12026,2243910,2244746,+
b2155,cirA,EG10155,2244778,2246769,-
b2156,lysP,EG11337,2247063,2248532,-
b2157,yeiE,EG12105,2248737,2249618,-
b2158,yeiH,EG12027,2249717,2250766,+
b2159,nfo,EG10651,2250840,2251697,+
b2160,yeiI,EG12028,2251700,2252788,+
b2161,nupX,EG12029,2252895,2254145,-
b2162,rihB,EG12030,2254245,2255186,-
b2163,yeiL,EG12031,2255355,2256014,+
b2164,psuT,EG12032,2256085,2257335,-
b2165,psuG,EG12033,2257429,2258367,-
b2166,psuK,EG11646,2258355,2259296,-
b2167,fruA,EG10336,2259719,2261410,-
b2168,fruK,EG10337,2261427,2262365,-
b2169,fruB,G7990,2262365,2263495,-
b2170,setB,EG12034,2263863,2265044,+
b4502,yeiW,G0-10511,2265041,2265295,-
b2171,efpL,EG12035,2265450,2266022,+
b2172,yeiQ,EG12036,2266245,2267711,+
b2173,yeiR,EG12104,2267829,2268815,+
b2174,lpxT,G7146,2268854,2269567,+
b2175,mepS,G7147,2269979,2270545,+
b2176,pdeN,G7148,2270726,2272282,+
b2177,yejA,EG12037,2272364,2274178,+
b2178,yejB,EG12038,2274179,2275273,+
b2179,yejE,EG12040,2275273,2276298,+
b2180,yejF,EG12041,2276300,2277889,+
b2181,yejG,EG12042,2277893,2278237,-
b2182,bcr,EG11419,2278570,2279760,-
b2183,rsuA,EG12044,2279788,2280483,-
b2184,radD,EG12045,2280632,2282392,+
b2185,rplY,EG10885,2282517,2282801,+
b2186,yejK,EG12048,2282940,2283947,-
b2187,yejL,EG12043,2284129,2284356,+
b2188,lapC,EG12049,2284376,2286136,+
b2189,proL,EG30067,2286211,2286287,+
b2192,insH8,G7150,2289065,2290045,-
b2193,narP,EG11527,2290500,2291147,+
b2194,ccmH,EG12052,2291358,2292410,-
b2195,ccmG,EG12053,2292407,2292964,-
b2196,ccmF,EG12054,2292961,2294904,-
b2197,ccmE,EG12055,2294901,2295380,-
b2198,ccmD,EG12169,2295377,2295586,-
b2199,ccmC,EG12057,2295583,2296320,-
b2200,ccmB,EG12058,2296362,2297024,-
b2201,ccmA,EG12059,2297021,2297644,-
b2202,napC,EG12060,2297657,2298259,-
b2203,napB,EG12061,2298269,2298718,-
b2204,napH,EG12062,2298715,2299578,-
b2205,napG,EG12064,2299565,2300260,-
b2206,napA,EG12067,2300267,2302753,-
b2207,napD,EG12143,2302750,2303013,-
b2208,napF,EG12068,2303003,2303497,-
b4604,yojO,G0-10595,2303606,2303770,+
b2209,eco,EG10255,2303905,2304393,+
b2210,mqo,EG12069,2305108,2306754,-
b2211,yojI,EG12070,2306972,2308615,-
b2212,alkB,EG10037,2308691,2309341,-
b2213,ada,EG10029,2309341,2310405,-
b2214,ftp,EG12073,2310479,2311534,-
b2215,ompC,EG10670,2311646,2312749,-
b4439,micF,EG30063,2313084,2313176,+
b2216,rcsD,EG12385,2313488,2316160,+
b2217,rcsB,EG10821,2316177,2316827,+
b2218,rcsC,EG10822,2317027,2319876,-
b2219,atoS,EG11667,2320043,2321869,+
b2220,atoC,EG11668,2321866,2323251,+
b2221,atoD,EG11669,2323447,2324109,+
b2222,atoA,EG11670,2324109,2324759,+
b2223,atoE,EG11671,2324756,2326078,+
b2224,atoB,EG11672,2326109,2327293,+
b2225,yfaP,G7152,2327367,2328143,-
b2226,yfaQ,G7153,2328148,2329797,-
b2229,yfaT,G7156,2334336,2334959,-
b2230,yfaA,EG11142,2334956,2336644,-
b2231,gyrA,EG10423,2336793,2339420,-
b2232,ubiG,EG11143,2339567,2340289,+
b2233,yfaL,EG12850,2340417,2344169,-
b4605,ypaB,G0-10596,2344594,2344737,-
b2234,nrdA,EG10660,2344865,2347150,+
b4779,yoaM,G0-17025,2347350,2347385,-
b2235,nrdB,EG10661,2347384,2348514,+
b2236,yfaE,EG12360,2348514,2348768,+
b2237,inaA,EG11422,2348822,2349472,-
b2239,glpQ,EG10399,2349935,2351011,-
b2240,glpT,EG10401,2351016,2352374,-
b2241,glpA,EG10391,2352647,2354275,+
b2242,glpB,EG10392,2354265,2355524,+
b2243,glpC,EG10393,2355521,2356711,+
b2244,rpnE,EG12323,2356904,2357803,+
b2245,yfaU,G7158,2358042,2358845,-
b2246,yfaV,G7159,2358863,2360152,-
b2247,rhmD,G7160,2360209,2361414,-
b2248,yfaX,G7161,2361429,2362211,-
b2249,yfaY,G7162,2362431,2363633,-
b2250,yfaZ,G7163,2363733,2364275,-
b2251,nudI,G7164,2364554,2364979,+
b2252,ais,G7165,2365018,2365620,-
b2253,arnB,G7166,2365910,2367067,+
b2254,arnC,G7167,2367071,2368039,+
b2255,arnA,G7168,2368039,2370021,+
b2256,arnD,G7169,2370018,2370908,+
b2257,arnT,G7170,2370908,2372560,+
b4544,arnE,G0-10460,2372557,2372892,+
b2258,arnF,G7171,2372892,2373278,+
b2259,pmrD,G7172,2373272,2373538,-
b2260,menE,EG12437,2373648,2375003,-
b2261,menC,EG11532,2375000,2375962,-
b2262,menB,EG11368,2375962,2376819,-
b2263,menH,EG12438,2376834,2377592,-
b2264,menD,EG10579,2377589,2379259,-
b2265,menF,EG12362,2379348,2380643,-
b2266,elaB,G7173,2380722,2381027,-
b2267,elaA,G7174,2381082,2381543,-
b2268,rbn,G7175,2381608,2382525,+
b2269,elaD,G7176,2382713,2383924,+
b2270,yfbK,G7177,2383995,2385722,-
b2271,yfbL,G7178,2385860,2386831,+
b2272,yfbM,G7179,2386934,2387437,+
b2273,yfbN,G7180,2387710,2388426,-
b2274,yfbO,G7181,2388635,2389057,+
b2275,yfbP,G7182,2389116,2389964,+
b2276,nuoN,EG12093,2390048,2391505,-
b2277,nuoM,EG11773,2391512,2393041,-
b2278,nuoL,EG12092,2393205,2395046,-
b2279,nuoK,EG12091,2395043,2395345,-
b2280,nuoJ,EG12090,2395342,2395896,-
b2281,nuoI,EG12089,2395908,2396450,-
b2282,nuoH,EG12088,2396465,2397442,-
b2283,nuoG,EG12087,2397439,2400165,-
b2284,nuoF,EG11774,2400218,2401555,-
b2285,nuoE,EG12086,2401552,2402052,-
b2286,nuoC,EG12084,2402055,2403845,-
b2287,nuoB,EG12083,2403951,2404613,-
b2288,nuoA,EG12082,2404629,2405072,-
b2289,lrhA,EG12123,2405703,2406641,-
b2290,alaA,G7184,2407561,2408778,+
b2291,yfbR,G7185,2408862,2409461,+
b2292,yfbS,G7186,2409520,2411352,-
b2293,hxpA,G7187,2411439,2412089,-
b2294,yfbU,G7188,2412100,2412594,-
b2295,yfbV,G7189,2412677,2413132,-
b2296,ackA,EG10027,2413470,2414672,+
b2297,pta,EG20173,2414747,2416891,+
b2298,yfcC,G7190,2417081,2418601,+
b2299,yfcD,G7191,2418634,2419176,-
b2300,yfcE,G7192,2419234,2419788,-
b2301,yfcF,G7193,2419841,2420485,-
b2302,yfcG,G7194,2420621,2421268,+
b2303,folX,G7195,2421325,2421687,+
b2304,yfcH,G7196,2421708,2422601,+
b2305,rpnB,G7197,2422649,2423539,-
b2306,hisP,EG10452,2423736,2424509,-
b2307,hisM,EG10007,2424517,2425233,-
b2308,hisQ,EG12125,2425230,2425916,-
b2309,hisJ,EG12124,2426006,2426788,-
b2310,argT,EG10072,2427009,2427791,-
b2311,ubiX,EG11044,2428057,2428626,-
b2312,purF,EG10794,2428721,2430238,-
b2313,cvpA,EG10169,2430275,2430763,-
b2314,dedD,EG10218,2431022,2431684,-
b2315,folC,EG10327,2431674,2432942,-
b2316,accD,EG10217,2433012,2433926,-
b2317,dedA,EG10216,2434082,2434741,-
b2318,truA,EG10454,2434824,2435636,-
b2319,usg,EG11059,2435636,2436649,-
b2320,pdxB,G0-9461,2436715,2437851,-
b2321,flk,EG10229,2437950,2438945,+
b2322,yfcJ,G7198,2438942,2440120,-
b2323,fabB,EG10274,2440385,2441605,-
b2324,mnmC,G7199,2441764,2443770,+
b2325,yfcL,G7200,2443891,2444169,-
b2326,epmC,G7201,2444203,2444751,-
b2327,yfcA,EG11144,2444751,2445560,-
b2328,mepA,EG10580,2445560,2446384,-
b2329,aroC,EG10075,2446388,2447473,-
b2330,prmB,EG12449,2447508,2448440,-
b2331,smrB,G7202,2448606,2449157,+
b2332,yfcO,G7203,2449228,2450049,-
b2333,yfcP,G7204,2450051,2450590,-
b2334,yfcQ,G7205,2450587,2451075,-
b2335,yfcR,G7206,2451072,2451584,-
b2336,yfcS,G7207,2451584,2452336,-
b2339,yfcV,G7210,2455083,2455646,-
b2340,sixA,G7211,2456327,2456812,-
b2341,fadJ,G7212,2457015,2459159,-
b2342,fadI,G7213,2459159,2460469,-
b2343,yfcZ,G7214,2460650,2460934,-
b2344,fadL,EG10280,2461306,2462646,+
b2345,yfdF,G7215,2463012,2464070,+
b2346,mlaA,G7216,2464252,2465007,-
b2347,yfdC,G7217,2465301,2466233,+
b2348,argW,EG30016,2466309,2466383,+
b2349,intS,G7218,2466545,2467702,+
b2350,yfdG,G7219,2467855,2468217,+
b2351,yfdH,G7220,2468214,2469134,+
b2352,yfdI,G7221,2469131,2470462,+
b4780,yodE,G0-17026,2470497,2470643,-
b2354,yfdK,G7223,2471077,2471517,-
b2356,yfdM,G7225,2472112,2472387,-
b2357,yfdN,G7226,2472387,2472881,-
b2358,yfdO,G7227,2472878,2473246,-
b2359,yfdP,G7228,2473604,2473966,+
b2360,yfdQ,G7229,2474032,2474856,+
b2361,yfdR,G7230,2474984,2475520,+
b2362,yfdS,G7231,2475511,2475873,+
b2363,yfdT,G7232,2475873,2476178,+
b4545,ypdJ,G0-10461,2476094,2476234,+
b4501,torI,G0-9621,2476310,2476510,+
b2364,dsdC,EG13161,2476694,2477629,-
b2365,dsdX,EG10250,2477847,2479184,+
b2366,dsdA,EG10249,2479202,2480530,+
b2367,emrY,EG13283,2480638,2482176,-
b2368,emrK,G7233,2482176,2483339,-
b4781,evgL,G0-17027,2483729,2483758,+
b2369,evgA,EG11609,2483755,2484369,+
b2370,evgS,EG11610,2484374,2487967,+
b2371,yfdE,G7234,2488023,2489168,-
b2372,yfdV,G7235,2489242,2490186,-
b2373,oxc,G7236,2490256,2491950,-
b2374,frc,G7237,2492004,2493254,-
b2375,yfdX,G7238,2493767,2494402,-
b2376,ypdI,G7239,2494698,2494973,+
b2377,yfdY,G7240,2495050,2495292,-
b2378,lpxP,G7241,2495645,2496565,+
b4680,ypdK,G0-10647,2496921,2496992,+
b2379,alaC,G7242,2497057,2498295,-
b2380,pyrS,G7243,2498671,2500368,+
b2381,pyrR,G7244,2500383,2501117,+
b2382,ypdC,G7245,2501130,2501987,+
b2383,fryA,G7246,2501990,2504485,-
b2384,ypdE,G7247,2504510,2505547,-
b2385,ypdF,G7248,2505547,2506632,-
b2386,fryC,G7249,2506647,2507894,-
b2387,fryB,G7250,2507916,2508242,-
b2388,glk,EG12957,2508461,2509426,-
b2389,yfeO,G7251,2509630,2510886,+
b2390,ypeC,G7252,2511001,2511327,+
b2392,mntH,G7254,2511468,2512706,-
b2393,nupC,EG11971,2513042,2514244,+
b2394,insL3,G7255,2514331,2515443,+
b2395,pdeA,EG11145,2515643,2517832,-
b2396,alaX,EG30012,2518041,2518116,-
b2397,alaW,EG30011,2518156,2518231,-
b2398,yfeC,EG11431,2518467,2518811,+
b2399,yfeD,EG11432,2518813,2519205,+
b2400,gltX,EG10407,2519257,2520672,-
b2401,valU,EG30110,2520931,2521006,+
b2402,valX,EG30113,2521051,2521126,+
b2403,valY,EG30114,2521173,2521248,+
b2404,lysV,EG30056,2521253,2521328,+
b2405,xapR,EG11146,2521593,2522477,-
b2406,xapB,EG13159,2522729,2523985,-
b2407,xapA,G85,2524045,2524878,-
b2408,yfeN,G7256,2525127,2525891,+
b2409,yfeR,G7257,2525930,2526856,-
b2410,yfeH,EG12376,2526946,2527944,+
b4546,ypeB,G0-10462,2527941,2528159,-
b2411,ligA,EG10534,2528161,2530176,-
b2412,zipA,G7258,2530247,2531233,-
b2413,cysZ,EG10003,2531463,2532224,+
b2414,cysK,EG10192,2532409,2533380,+
b2415,ptsH,EG10788,2533764,2534021,+
b2416,ptsI,EG10789,2534066,2535793,+
b2417,crr,EG10165,2535834,2536343,+
b2418,pdxK,G7259,2536386,2537237,-
b2419,yfeK,G7260,2537342,2537716,+
b2420,yfeS,G7261,2537749,2538483,+
b2421,cysM,EG10193,2538672,2539583,-
b2422,cysA,EG10183,2539717,2540814,-
b2423,cysW,EG10198,2540804,2541679,-
b2424,cysU,EG10197,2541679,2542512,-
b2425,cysP,EG10195,2542512,2543528,-
b2426,ucpA,EG12133,2543832,2544623,-
b2427,murR,G7262,2544752,2545609,-
b2428,murQ,G7263,2545773,2546669,+
b2429,murP,G7264,2546673,2548097,+
b2430,yfeW,G7265,2548102,2549406,+
b2431,yfeX,G7266,2549646,2550545,-
b2432,yfeY,G7267,2550641,2551216,-
b2433,yfeZ,G7268,2551277,2551726,-
b2434,ypeA,G7269,2551713,2552138,-
b2435,amiA,EG11823,2552352,2553221,+
b2436,hemF,EG12189,2553225,2554124,+
b2437,eutR,EG12190,2554130,2555182,-
b2438,eutK,G7270,2555228,2555728,-
b2439,eutL,G7271,2555741,2556400,-
b2440,eutC,EG50007,2556410,2557297,-
b2441,eutB,EG50006,2557318,2558679,-
b2442,intZ,G7272,2558858,2560066,+
b2443,yffL,G7273,2560257,2560898,+
b2444,yffM,G7274,2561368,2561613,+
b2445,yffN,G7275,2561625,2561993,+
b2446,yffO,G7276,2562111,2562527,+
b2447,yffP,G7277,2562524,2563117,+
b2448,yffQ,G7278,2563592,2563969,+
b2449,yffR,G7279,2563980,2564372,+
b2450,yffS,G7280,2564523,2565332,+
b2451,eutA,G7281,2565481,2566884,-
b2452,eutH,G7282,2566881,2568107,-
b2453,eutG,G7283,2568324,2569511,-
b2454,eutJ,G7284,2569501,2570337,-
b2455,eutE,G7285,2570348,2571751,-
b2456,eutN,G7286,2571763,2572050,-
b2457,eutM,G7287,2572157,2572450,-
b2458,eutD,G7288,2572489,2573505,-
b2459,eutT,G7289,2573502,2574305,-
b2460,eutQ,G7290,2574302,2575003,-
b2461,eutP,G7291,2574978,2575457,-
b2462,eutS,G7292,2575470,2575805,-
b2463,maeB,G7293,2576098,2578377,-
b2464,talA,EG11797,2578666,2579616,+
b2465,tktB,EG12100,2579636,2581639,+
b2466,ypfG,G7295,2581734,2582777,-
b2467,nudK,EG12410,2582903,2583478,-
b2468,aegA,EG12409,2583546,2585525,-
b2469,narQ,EG11460,2585731,2587431,+
b2470,acrD,EG10014,2587595,2590708,+
b4606,ypfM,G0-8888,2590807,2590866,-
b2471,yffB,EG11147,2591247,2591603,+
b2472,dapE,EG10208,2591607,2592734,+
b4547,ypfN,G0-10463,2592762,2592962,+
b2473,ypfH,G7296,2593072,2593770,-
b2474,tmcA,G7297,2593844,2595859,-
b2475,ypfJ,G7298,2595874,2596737,-
b2476,purC,EG10791,2596905,2597618,-
b2477,bamC,EG10658,2597831,2598865,-
b2478,dapA,EG10205,2598882,2599760,-
b2479,gcvR,EG11149,2599906,2600478,+
b2480,bcp,EG10108,2600478,2600948,+
b2481,hyfA,EG11150,2601201,2601818,+
b2482,hyfB,EG11282,2601818,2603836,+
b2483,hyfC,G7300,2603847,2604794,+
b2484,hyfD,G7301,2604811,2606250,+
b2485,hyfE,G7302,2606262,2606912,+
b2486,hyfF,G7303,2606917,2608497,+
b2487,hyfG,G7304,2608487,2610154,+
b2488,hyfH,G7305,2610164,2610709,+
b2489,hyfI,G7306,2610706,2611464,+
b2490,hyfJ,G7307,2611457,2611870,+
b2491,hyfR,G7308,2611900,2613912,+
b2492,focB,G7309,2613934,2614782,+
b2493,yfgO,G7310,2614820,2615881,-
b2494,bepA,G7311,2616094,2617557,+
b2495,yfgD,G7312,2617578,2617937,+
b2496,hda,G7313,2618075,2618776,-
b2497,uraA,EG12129,2618871,2620160,-
b2498,upp,EG11332,2620246,2620872,-
b2499,purM,EG10798,2621197,2622234,+
b2500,purN,EG10799,2622234,2622872,+
b2501,ppk,EG11510,2623044,2625110,+
b2502,ppx,EG11403,2625115,2626656,+
b2503,pdeF,G7314,2626695,2628938,-
b2504,yfgG,G7315,2629290,2629481,+
b2505,yfgH,G7316,2629792,2630310,+
b2506,yfgI,G7317,2630326,2630865,+
b2507,guaA,EG10420,2630958,2632535,-
b2508,guaB,EG10421,2632604,2634070,-
b2509,xseA,EG11072,2634232,2635602,+
b2510,yfgJ,G7318,2635599,2635814,-
b2511,der,G7319,2635884,2637356,-
b2512,bamB,G7320,2637474,2638652,-
b2513,yfgM,G7321,2638663,2639283,-
b2514,hisS,EG10453,2639301,2640575,-
b4761,sroE,G0-9385,2640595,2640686,-
b2515,ispG,EG10370,2640686,2641804,-
b2516,rodZ,EG10015,2641831,2642844,-
b2517,rlmN,EG12401,2643129,2644283,-
b2518,ndk,EG10650,2644433,2644864,-
b2519,pbpC,G7322,2645013,2647325,-
b2520,yfhM,G7323,2647326,2652287,-
b2521,sseA,EG11600,2652494,2653339,+
b4440,ryfA,G0-8879,2653855,2654158,+
b2522,sseB,EG11601,2654157,2654933,-
b2523,pepB,EG12310,2655075,2656358,-
b2524,iscX,EG12311,2656536,2656736,-
b2525,fdx,EG11328,2656748,2657083,-
b2526,hscA,EG12130,2657085,2658935,-
b2527,hscB,EG12131,2658952,2659467,-
b2528,iscA,EG12132,2659563,2659886,-
b2529,iscU,G7324,2659903,2660289,-
b2530,iscS,G7325,2660317,2661531,-
b2531,iscR,G7326,2661643,2662131,-
b2532,trmJ,G7327,2662583,2663323,-
b2533,suhB,EG10983,2663442,2664245,+
b2534,yfhR,G7328,2664390,2665244,+
b2535,csiE,G7329,2665435,2666715,+
b2536,hcaT,G7330,2666707,2667846,-
b2537,hcaR,G7331,2668006,2668896,-
b4706,iroK,G0-10716,2668006,2668071,-
b2538,hcaE,M009,2669032,2670393,+
b2539,hcaF,M015,2670390,2670908,+
b2540,hcaC,G7334,2670908,2671228,+
b2541,hcaB,G7335,2671225,2672037,+
b2542,hcaD,G7336,2672047,2673249,+
b2543,yphA,G7337,2673346,2673768,+
b2544,yphB,G7338,2673816,2674688,-
b2545,yphC,G7339,2674700,2675761,-
b2546,yphD,G7340,2675827,2676825,-
b2547,yphE,G7341,2676850,2678361,-
b2548,yphF,G7342,2678384,2679367,-
b2549,yphG,G7343,2679464,2682745,-
b2550,yphH,G7344,2682863,2684056,+
b2551,glyA,EG10408,2684254,2685507,-
b2552,hmp,EG10456,2685835,2687025,+
b2553,glnB,EG10384,2687070,2687408,-
b2554,glrR,EG11285,2687469,2688803,-
b2555,qseG,EG12139,2688793,2689506,-
b2556,glrK,G7345,2689671,2691098,-
b4441,glmY,G0-8910,2691157,2691340,-
b2557,purL,EG10797,2691656,2695543,-
b2558,mltF,EG11373,2695801,2697357,+
b2559,tadA,EG11372,2697354,2697857,-
b2560,pgpC,EG11371,2697915,2698550,-
b2561,yfhH,EG12308,2698759,2699607,+
b2562,yfhL,G7346,2699663,2699923,+
b4687,shoB,G0-10634,2700117,2700197,-
b4608,ohsC,G0-10598,2700520,2700598,+
b2563,acpS,EG10247,2700618,2700998,-
b2564,pdxJ,EG10693,2700998,2701729,-
b2565,recO,EG10832,2701741,2702469,-
b2566,era,EG10270,2702481,2703386,-
b2567,rnc,EG10857,2703383,2704063,-
b2568,lepB,EG10530,2704335,2705309,-
b2569,lepA,EG10529,2705325,2707124,-
b2570,rseC,G7347,2707322,2707801,-
b2571,rseB,G7348,2707798,2708754,-
b2572,rseA,EG12341,2708754,2709404,-
b2573,rpoE,EG11897,2709437,2710012,-
b4725,rseD,G0-16690,2710009,2710164,-
b2574,nadB,EG10631,2710420,2712042,+
b2575,yfiC,EG11538,2712027,2712764,-
b2576,srmB,EG10975,2712896,2714230,+
b2577,yfiE,EG11785,2714439,2715320,-
b2578,eamB,EG12445,2715423,2716010,+
b2579,grcA,EG11784,2716066,2716449,-
b2580,ung,EG11058,2716754,2717443,+
b2581,yfiF,EG11786,2717491,2718528,-
b2582,trxC,EG11887,2718735,2719154,+
b2583,tapT,G7349,2719223,2719921,+
b2584,patZ,G7350,2719953,2722613,+
b4782,pssL,G0-17028,2722702,2722743,+
b2585,pssA,EG10781,2722727,2724082,+
b2586,yfiM,EG12857,2724128,2724451,+
b2587,kgtP,EG10522,2724448,2725746,-
b4783,yfiS,G0-17029,2725925,2725987,+
b2588,rrfG,EG30075,2726069,2726188,-
b2589,rrlG,EG30082,2726281,2729184,-
b2590,gltW,EG30035,2729369,2729444,-
b2591,rrsG,EG30089,2729616,2731157,-
b2592,clpB,EG10157,2731600,2734173,-
b4609,ryfD,G0-10600,2734153,2734295,-
b2593,pgeF,EG12097,2734303,2735034,-
b2594,rluD,EG12098,2735031,2736011,-
b2595,bamD,G7352,2736146,2736883,+
b2597,raiA,EG11151,2737154,2737495,+
b2598,pheL,EG11271,2737599,2737646,+
b2599,pheA,EG10707,2737745,2738905,+
b2600,tyrA,EG11039,2738948,2740069,-
b2601,aroF,EG10078,2740080,2741150,-
b2602,yfiL,EG12446,2741360,2741725,+
b2603,yfiR,G7354,2741875,2742393,+
b2604,dgcN,EG12880,2742383,2743609,+
b2605,yfiB,EG11152,2743625,2744107,+
b2606,rplS,EG10880,2744183,2744530,-
b2607,trmD,EG11023,2744572,2745339,-
b2608,rimM,EG11153,2745370,2745918,-
b2609,rpsP,EG10915,2745937,2746185,-
b2610,ffh,EG10300,2746434,2747795,-
b2611,ypjD,G7355,2747962,2748753,+
b4461,yfjD,EG12442,2748774,2750060,+
b2614,grpE,EG10416,2750115,2750708,-
b2615,nadK,EG12192,2750831,2751709,+
b2616,recN,EG10831,2751795,2753456,+
b2617,bamE,EG10952,2753605,2753946,+
b2618,yfjF,G7357,2754008,2754298,-
b2619,ratA,G7358,2754288,2754764,-
b2620,smpB,EG11782,2754896,2755378,+
b2621,ssrA,EG30100,2755593,2755955,+
b2622,intA,EG11783,2756159,2757400,+
b2623,yfjH,G7359,2757644,2758600,-
b2624,alpA,EG12112,2758644,2758856,+
b2625,yfjI,G7360,2758985,2760394,+
b2626,yfjJ,G7361,2760547,2761173,+
b2627,abpB,G7362,2761351,2763540,-
b2628,abpA,G7363,2763537,2765153,-
b2629,yfjM,G7364,2765513,2765776,-
b2630,rnlA,G7365,2765918,2766991,+
b2631,rnlB,G7366,2766984,2767355,+
b2632,yfjP,G7367,2767710,2768573,+
b2633,yfjQ,G7368,2768665,2769486,+
b2634,yfjR,G7369,2769703,2770404,+
b2635,ypjK,G7370,2770445,2770681,+
b2636,yfjS,G7371,2770681,2771124,+
b2637,yfjT,G7372,2771148,2771615,+
b2638,yfjU,G7373,2771840,2772154,-
b2642,yfjW,G7377,2773318,2775021,+
b2643,lfgA,G7378,2775919,2776377,+
b2644,lfgB,G7379,2776386,2776868,+
b4548,ypjJ,G0-10464,2776877,2777077,+
b2645,yfjZ,G7380,2777115,2777432,+
b2646,ypjF,G7381,2777453,2777782,+
b2647,ypjA,G7382,2778146,2782726,-
b2649,ypjB,G7384,2783638,2784429,-
b2650,ypjC,G7385,2784529,2785011,-
b2652,ileY,G7387,2785762,2785837,-
b2659,glaH,G7394,2788985,2789962,+
b2660,lhgD,EG12387,2789982,2791250,+
b2661,gabD,EG11329,2791273,2792721,+
b2662,gabT,EG10361,2792735,2794015,+
b2663,gabP,EG11330,2794253,2795653,+
b2664,glaR,EG12386,2795674,2796336,+
b2665,kbp,G7395,2796337,2796786,-
b2666,yqaE,G7396,2796870,2797028,-
b2667,ygaV,G7397,2797211,2797510,+
b2668,ygaP,G7398,2797520,2798044,+
b2669,stpA,EG11554,2798091,2798495,-
b2670,alaE,G7399,2799164,2799613,+
b2671,ygaC,EG12201,2799650,2799994,-
b2672,ygaM,G7400,2800146,2800475,+
b2673,nrdH,G7401,2800723,2800968,+
b2674,nrdI,G7402,2800965,2801375,+
b2675,nrdE,EG20257,2801348,2803492,+
b2676,nrdF,EG12381,2803502,2804461,+
b2677,proV,EG10771,2804815,2806017,+
b2678,proW,EG10772,2806010,2807074,+
b2679,proX,EG10773,2807132,2808124,+
b2682,ygaZ,G7405,2809617,2810354,+
b2683,ygaH,G7406,2810344,2810679,+
b2684,mprA,EG10603,2810770,2811300,+
b2685,emrA,EG11354,2811427,2812599,+
b2686,emrB,EG11439,2812616,2814154,+
b2687,luxS,EG12712,2814218,2814733,-
b4442,micA,G0-8866,2814802,2814874,+
b2688,gshA,EG10418,2814883,2816439,-
b2689,yqaA,G7407,2816512,2816940,-
b2690,yqaB,G7408,2816937,2817503,-
b2691,argQ,EG30013,2817784,2817860,-
b2692,argZ,EG30019,2818059,2818135,-
b2693,argY,EG30018,2818198,2818274,-
b2694,argV,EG30015,2818473,2818549,-
b2695,serV,EG30095,2818553,2818645,-
b2696,csrA,EG11447,2818961,2819146,-
b2697,alaS,EG10034,2819381,2822011,-
b2698,recX,EG12080,2822139,2822639,-
b2699,recA,EG10823,2822708,2823769,-
b2700,pncC,G7409,2823849,2824346,-
b2701,mltB,G7410,2824491,2825576,-
b2702,srlA,G8210,2825832,2826395,+
b2703,srlE,EG10969,2826392,2827351,+
b2704,srlB,EG10970,2827362,2827733,+
b2705,srlD,EG10971,2827737,2828516,+
b2706,gutM,EG10972,2828621,2828980,+
b2707,srlR,EG10974,2829047,2829820,+
b2708,gutQ,EG10973,2829813,2830778,+
b2709,norR,EG12108,2830775,2832289,-
b2710,norV,G7413,2832476,2833915,+
b2711,norW,EG12450,2833912,2835045,+
b2712,hypF,EG11551,2835173,2837425,-
b2713,hydN,EG11552,2837578,2838105,-
b2714,ascG,EG10087,2838254,2839264,-
b2715,ascF,EG10086,2839524,2840981,+
b2716,ascB,EG10085,2840990,2842414,+
b2717,hycI,G7414,2842573,2843043,-
b2718,hycH,EG10481,2843036,2843446,-
b2719,hycG,EG10480,2843443,2844210,-
b2720,hycF,EG10479,2844210,2844752,-
b2721,hycE,EG10478,2844762,2846471,-
b2722,hycD,EG10477,2846489,2847412,-
b2723,hycC,EG10476,2847415,2849241,-
b2724,hycB,EG10475,2849238,2849849,-
b2725,hycA,EG10474,2849974,2850435,-
b2726,hypA,EG10483,2850647,2850997,+
b2727,hypB,EG10484,2851001,2851873,+
b2728,hypC,EG10485,2851864,2852136,+
b2729,hypD,EG10486,2852136,2853257,+
b2730,hypE,EG10487,2853254,2854264,+
b2731,fhlA,EG10301,2854338,2856416,+
b2732,ygbA,EG11287,2856453,2856806,-
b2733,mutS,EG10625,2857093,2859654,+
b2734,pphB,G7415,2859760,2860416,+
b2735,ygbI,G7416,2860467,2861234,-
b2736,ygbJ,G7417,2861430,2862338,+
b2737,ygbK,G7418,2862335,2863501,+
b2738,ygbL,G7419,2863593,2864231,+
b2739,ygbM,G7420,2864236,2865012,+
b2740,ygbN,G7421,2865101,2866465,+
b2741,rpoS,EG10510,2866559,2867551,-
b2742,nlpD,EG12111,2867614,2868753,-
b2743,pcm,EG10689,2868893,2869519,-
b2744,umpG,EG11817,2869513,2870274,-
b2745,truD,G7422,2870255,2871304,-
b2746,ispF,EG11816,2871301,2871780,-
b2747,ispD,G7423,2871780,2872490,-
b2748,ftsB,G7424,2872509,2872820,-
b2749,ygbE,EG12707,2873014,2873337,-
b2750,cysC,EG10185,2873387,2873992,-
b2751,cysN,EG10194,2873992,2875419,-
b2752,cysD,EG10186,2875421,2876329,-
b2753,iap,EG10488,2876581,2877618,+
b2754,cas2,EG12845,2878569,2878853,-
b2755,cas1,G7425,2878855,2879772,-
b2756,casE,G7426,2879788,2880387,-
b2757,casD,G7427,2880374,2881048,-
b2758,casC,G7428,2881051,2882142,-
b2759,casB,G7429,2882155,2882637,-
b2760,casA,G7430,2882630,2884138,-
b2761,cas3,EG12634,2884553,2887219,-
b4701,sokX,G0-10695,2887353,2887411,+
b2762,cysH,EG10189,2887578,2888312,-
b2763,cysI,EG10190,2888387,2890099,-
b2764,cysJ,EG10191,2890099,2891898,-
b2765,queD,G7431,2892214,2892579,+
b2766,ygcN,G7432,2892657,2893928,+
b2767,ygcO,G7433,2893919,2894179,+
b2768,ygcP,G7434,2894196,2894771,+
b2769,ygcQ,G7435,2894919,2895779,-
b2770,ygcR,G7436,2895776,2896555,-
b2771,ygcS,G7437,2896533,2897870,-
b4463,ygcU,G7439,2897964,2899418,-
b2774,ygcW,G7440,2899488,2900273,-
b2775,yqcE,EG13174,2900592,2901869,+
b2776,ygcE,G7442,2901896,2903374,+
b2777,queE,G7443,2904747,2905418,-
b4682,yqcG,G0-10655,2905557,2905697,+
b2778,ygcG,G7444,2905711,2906583,+
b2779,eno,EG10258,2906643,2907941,-
b2780,pyrG,EG10810,2908029,2909666,-
b2781,mazG,EG10572,2909894,2910685,-
b2782,mazF,EG11249,2910756,2911091,-
b2783,mazE,EG10571,2911091,2911339,-
b2784,relA,EG10835,2911417,2913651,-
b2785,rlmD,EG11247,2913699,2915000,-
b2786,barA,EG11367,2915057,2917813,+
b2787,gudD,G7445,2918045,2919385,-
b2788,gudX,G7446,2919406,2920746,-
b2789,gudP,G7447,2920748,2922100,-
b2790,yqcA,G7448,2922535,2922984,-
b2791,truC,G7449,2923002,2923784,-
b2792,yqcC,G7450,2923784,2924113,-
b4408,csrB,G0-8785,2924156,2924524,-
b2793,syd,G7451,2924735,2925280,-
b2794,queF,G7452,2925348,2926196,+
b2795,ppnN,EG12373,2926308,2927672,+
b2796,sdaC,EG12142,2928229,2929518,+
b2797,sdaB,EG11623,2929576,2930943,+
b2798,ygdG,EG12372,2931055,2931810,+
b2799,fucO,EG10351,2931865,2933013,-
b2800,fucA,EG10348,2933041,2933688,-
b2801,fucP,EG10352,2934235,2935551,+
b2802,fucI,EG10349,2935584,2937359,+
b2803,fucK,EG10350,2937468,2938886,+
b2804,fucU,EG10355,2938888,2939310,+
b2805,fucR,EG10353,2939368,2940099,+
b2806,rlmM,EG11794,2940143,2941243,-
b2807,ygdD,EG11793,2941236,2941631,-
b2808,gcvA,EG11795,2941650,2942567,-
b4443,gcvB,G0-8867,2942696,2942901,+
b2809,ygdI,G7453,2942918,2943145,-
b2810,csdA,G7454,2943337,2944542,+
b2811,csdE,G7455,2944542,2944985,+
b2812,tcdA,G7456,2945036,2945842,-
b2813,mltA,G7457,2946081,2947178,-
b2814,metZ,EG30062,2947387,2947463,+
b2815,metW,EG31117,2947497,2947573,+
b2816,metV,EG30060,2947607,2947683,+
b2817,amiC,G7458,2947757,2949010,-
b2818,argA,EG10063,2949242,2950573,+
b2819,recD,EG10826,2950635,2952461,-
b2820,recB,EG10824,2952461,2956003,-
b2821,ptrA,EG10786,2955996,2958884,-
b2822,recC,EG10825,2959060,2962428,-
b2823,ppdC,EG11154,2962441,2962764,-
b2824,ygdB,EG11155,2962749,2963156,-
b2825,ppdB,EG11156,2963153,2963716,-
b2826,ppdA,EG12081,2963707,2964177,-
b2827,thyA,EG11002,2964361,2965155,-
b2828,lgt,EG12128,2965162,2966037,-
b2829,ptsP,EG12188,2966188,2968434,-
b2830,rppH,G7459,2968447,2968977,-
b4610,ygdT,G0-10601,2969330,2969476,-
b2831,mutH,EG10624,2969662,2970351,+
b2832,ygdQ,G7460,2970420,2971133,+
b2833,ygdR,G7461,2971271,2971489,+
b2834,tas,G7462,2971597,2972637,+
b2835,lplT,EG12455,2972669,2973862,-
b2836,aas,EG11679,2973855,2976014,-
b4444,omrA,G0-8868,2976102,2976189,-
b4445,omrB,G0-8882,2976304,2976385,-
b2837,galR,EG10364,2976599,2977630,+
b2838,lysA,EG10549,2977637,2978899,-
b2839,lysR,EG10551,2979021,2979956,+
b2840,ygeA,EG11157,2979943,2980635,-
b2841,araE,EG10056,2980764,2982182,-
b2842,kduD,EG12361,2982497,2983258,-
b2843,kduI,G7463,2983288,2984124,-
b2844,yqeF,G7464,2984411,2985592,-
b2845,yqeG,G7465,2985847,2987076,+
b2846,yqeH,G7466,2987536,2988168,+
b2847,yqeI,G7467,2988502,2989311,+
b2848,yqeJ,G7468,2989304,2989786,+
b4683,yqeL,G0-10650,2989819,2989899,-
b2849,yqeK,G7469,2989935,2990360,-
b2851,ygeG,G7471,2991268,2991759,+
b2852,ygeH,G7472,2992094,2993470,+
b2853,ygeI,G7473,2993638,2993856,+
b2860,insD4,G7480,2996372,2997277,-
b2861,insC4,G7481,2997235,2997600,-
b2863,ygeQ,G7483,2998034,2998828,-
b2864,glyU,EG30037,2998984,2999057,-
b2865,actS,G7484,2999136,2999891,-
b2866,xdhA,G7485,3000345,3002603,+
b2867,xdhB,G7486,3002614,3003492,+
b2868,xdhC,G7487,3003489,3003968,+
b2869,ygeV,G7488,3004008,3005786,-
b2870,ygeW,G7489,3006262,3007452,+
b2871,ygeX,G7490,3007510,3008706,+
b2872,ygeY,G7491,3008764,3009975,+
b2873,hyuA,G7492,3010028,3011413,+
b2874,yqeA,G7493,3011461,3012393,+
b2875,yqeB,G7494,3012614,3014239,-
b2876,yqeC,G7495,3014287,3015057,-
b2877,mocA,G7496,3015160,3015738,+
b2878,ygfK,G7497,3016060,3019158,+
b2879,ssnA,G7498,3019161,3020489,+
b2880,ygfM,G7499,3020540,3021319,+
b2881,xdhD,G7500,3021316,3024186,+
b2882,xanQ,G7501,3024351,3025751,+
b2883,guaD,G7502,3025766,3027085,+
b4464,ghxQ,G7503,3027121,3028488,+
b2886,ygfS,G7505,3028524,3029012,-
b2887,ygfT,G7506,3029012,3030931,-
b2888,uacT,G7507,3031367,3032815,+
b4684,yqfG,G0-10656,3032817,3032942,+
b4753,yqfH,G0-16747,3032939,3033010,-
b2889,idi,G7508,3033065,3033613,+
b2890,lysS,EG10552,3033657,3035174,-
b2891,prfB,EG10762,3035184,3036282,-
b2892,recJ,EG10830,3036373,3038106,-
b2893,dsbC,EG11070,3038112,3038822,-
b2894,xerD,EG11071,3038847,3039743,-
b2895,fldB,EG12697,3039855,3040376,+
b2896,ygfX,G7509,3040416,3040823,-
b2897,sdhE,G7510,3040804,3041070,-
b2898,ygfZ,G7511,3041313,3042293,+
b2899,trhA,G7512,3042489,3043148,-
b2900,yqfB,G7513,3043312,3043623,-
b2901,bglA,G495,3043662,3045101,+
b2902,ygfF,G7514,3045158,3045901,-
b2903,gcvP,EG11810,3046168,3049041,-
b2904,gcvH,EG10371,3049160,3049549,-
b2905,gcvT,EG11442,3049573,3050667,-
b4754,yqfI,G0-16748,3050958,3051041,+
b2906,ubiI,EG11333,3051115,3052317,-
b2907,ubiH,EG11324,3052340,3053518,-
b2908,pepP,EG10697,3053515,3054840,-
b2909,ygfB,EG11323,3054866,3055444,-
b2910,zapA,EG12878,3055612,3055941,+
b2911,ssrS,EG30099,3055983,3056165,+
b2912,fau,EG11158,3056241,3056789,+
b4446,sibC,G0-8886,3056851,3056991,+
b4665,ibsC,G0-10631,3056890,3056949,-
b2913,serA,EG10944,3057178,3058410,-
b2914,rpiA,EG11443,3058666,3059325,-
b2916,argP,EG10490,3059753,3060646,+
b2917,scpA,EG11444,3060850,3062994,+
b2918,argK,EG11445,3062987,3063982,+
b2919,scpB,G7516,3063993,3064778,+
b2920,scpC,G7517,3064802,3066280,+
b2921,srsR,G7518,3066277,3067173,-
b2922,yggE,EG11244,3067340,3068080,-
b2923,argO,EG11159,3068173,3068808,-
b2924,mscS,EG11160,3068947,3069807,-
b2925,fbaA,EG10282,3070165,3071244,-
b2926,pgk,EG10703,3071459,3072622,-
b2927,epd,EG10368,3072672,3073691,-
b2928,yggC,EG11161,3073976,3074689,-
b2929,fumE,EG11162,3074686,3075195,-
b2930,yggF,EG11245,3075217,3076182,-
b4465,yggP,G7520,3076179,3077456,-
b2933,cmtA,EG11792,3077471,3078859,-
b2934,cmtB,EG11791,3078887,3079330,-
b2935,tktA,EG11427,3079644,3081635,-
b2936,loiP,EG11291,3081913,3082671,+
b2937,speB,EG10960,3082877,3083797,-
b2938,speA,EG10959,3083935,3085911,-
b2939,yqgB,G7521,3085920,3086051,-
b4784,yqgG,G0-17030,3086145,3086288,-
b2940,yqgC,G7522,3086187,3086402,+
b2941,yqgD,G7523,3086399,3086650,-
b2942,metK,EG10589,3086706,3087860,+
b2943,galP,EG12148,3088284,3089678,+
b2944,yggI,EG12122,3089755,3090252,+
b2945,endA,EG11336,3090347,3091054,+
b2946,rsmE,EG12366,3091134,3091865,+
b2947,gshB,EG10419,3091878,3092828,+
b2948,yqgE,G7524,3092937,3093500,+
b2949,yqgF,G7525,3093500,3093916,+
b2950,yggR,G7526,3094100,3095080,-
b2951,yggS,G7527,3095098,3095802,+
b2952,yggT,G7528,3095820,3096386,+
b2953,yggU,G7529,3096383,3096673,+
b2954,rdgB,G7530,3096681,3097274,+
b2955,hemW,G7531,3097267,3098403,+
b2956,yggM,EG12704,3098558,3099565,-
b2957,ansB,EG10046,3099682,3100728,-
b2958,yggN,EG12705,3100904,3101623,-
b2959,yggL,EG12443,3101807,3102133,-
b2960,trmB,EG11779,3102133,3102852,-
b2961,mutY,EG10627,3103013,3104065,+
b2962,yggX,G7532,3104093,3104368,+
b2963,mltC,G7533,3104433,3105512,+
b2964,nupG,EG10664,3105714,3106970,+
b2965,speC,EG10961,3107020,3109155,-
b4785,yqgH,G0-17031,3109317,3109400,-
b2966,yqgA,G7534,3109553,3110260,+
b2967,pheV,EG30065,3110366,3110441,+
b2968,yghD,G7535,3110590,3111126,-
b2969,yghE,G7536,3111128,3111988,-
b4786,yqhJ,G0-17032,3111266,3111325,+
b2970,yghF,G7537,3112054,3113049,-
b2971,yghG,G7538,3113067,3113477,-
b2972,pppA,G7539,3113543,3114352,-
b4466,yghJ,G7541,3114550,3119112,-
b2975,glcA,G7542,3119597,3121279,-
b2976,glcB,EG20080,3121634,3123805,-
b2977,glcG,G7543,3123827,3124231,-
b4467,glcF,G0-8601,3124236,3125459,-
b4468,glcE,G7544,3125470,3126522,-
b2979,glcD,G7545,3126522,3128021,-
b2980,glcC,G7546,3128272,3129036,+
b2981,yghO,G7547,3129043,3130215,-
b2982,insH9,G7548,3130214,3131194,+
b2983,yghQ,G7549,3131341,3132408,-
b2984,yghR,G7550,3132454,3133212,-
b2985,yghS,G7551,3133244,3133957,-
b2986,yghT,G7552,3134131,3134823,+
b2987,pitB,EG12883,3134872,3136371,-
b2988,gss,EG12882,3136663,3138522,-
b2989,yghU,G7553,3138727,3139593,+
b2990,hybG,EG11805,3139716,3139964,-
b2991,hybF,EG11804,3139977,3140318,-
b2992,hybE,EG11803,3140311,3140799,-
b2993,hybD,EG11802,3140792,3141286,-
b2994,hybC,EG11801,3141286,3142989,-
b2995,hybB,EG11800,3142986,3144164,-
b2996,hybA,EG11799,3144154,3145140,-
b2997,hybO,G7554,3145143,3146261,-
b2998,yghW,G7555,3146450,3146737,-
b4755,yqhI,G0-16749,3147597,3147740,-
b3001,gpr,G7558,3147897,3148937,+
b3002,yqhA,G7559,3148977,3149471,-
b3003,yghA,EG11292,3149662,3150546,+
b3005,exbD,EG10272,3150818,3151243,-
b3006,exbB,EG10271,3151250,3151984,-
b3008,metC,EG10583,3152236,3153423,+
b3009,yghB,EG11824,3153563,3154222,+
b3010,yqhC,G7563,3154262,3155218,-
b3011,yqhD,G7564,3155355,3156518,+
b3012,dkgA,G7565,3156623,3157450,+
b3013,yqhG,G7566,3157650,3158576,+
b3014,yqhH,G7567,3158627,3158884,+
b4469,ygiQ,G7568,3158927,3161146,-
b3017,ftsP,EG11376,3161257,3162669,-
b3018,plsC,EG11377,3162744,3163481,-
b3019,parC,EG10686,3163715,3165973,-
b3020,ygiS,G7570,3166111,3167718,-
b3021,mqsA,G7571,3167851,3168246,-
b3022,mqsR,G7572,3168248,3168544,-
b3023,ygiV,G7573,3168749,3169231,-
b3024,ygiW,G7574,3169284,3169676,-
b3025,qseB,G7575,3169828,3170487,+
b3026,qseC,EG12658,3170484,3171833,+
b3027,ygiZ,G7577,3171879,3172211,-
b3028,mdaB,EG12656,3172530,3173111,+
b3029,ygiN,EG12657,3173142,3173456,+
b3030,parE,EG10687,3173504,3175396,-
b3031,yqiA,G7578,3175425,3176006,-
b3032,cpdA,G7579,3176006,3176833,-
b3033,yqiB,G7580,3176858,3177280,-
b3034,nudF,EG12633,3177281,3177910,-
b3035,tolC,EG11009,3178115,3179596,+
b3037,ygiB,EG11164,3179744,3180415,+
b3038,ygiC,EG11165,3180421,3181581,+
b3039,ygiD,EG11166,3181619,3182434,-
b3040,zupT,EG11167,3182550,3183323,+
b4756,yqiD,G0-16750,3183381,3183551,-
b3041,ribB,EG10465,3183813,3184466,-
b3042,ubiK,G7582,3184840,3185130,+
b3043,ygiL,EG12363,3185414,3185965,+
b3044,insC5,G7583,3186187,3186552,+
b3045,insD5,G7584,3186510,3187415,+
b3047,yqiH,G7586,3189881,3190630,+
b3048,yqiI,G7587,3190632,3191696,+
b3049,glgS,EG11381,3191739,3191939,-
b3050,yqiJ,G7588,3192208,3192837,+
b3051,yqiK,G7589,3192864,3194525,+
b4447,sibD,G0-8913,3194721,3194865,-
b4664,ibsD,G0-10630,3194766,3194825,+
b4611,sibE,G0-10602,3195097,3195240,-
b4666,ibsE,G0-10629,3195141,3195200,+
b3052,hldE,G7590,3195320,3196753,-
b3053,glnE,EG11602,3196801,3199641,-
b3054,ygiF,EG11603,3199664,3200965,-
b3055,ygiM,EG12434,3201207,3201827,+
b3056,cca,EG10136,3201891,3203129,+
b3057,bacA,EG11665,3203310,3204131,-
b3058,folB,EG11673,3204221,3204589,-
b3059,plsY,EG11674,3204694,3205311,+
b3060,ttdR,EG12694,3205324,3206256,-
b3061,ttdA,EG11168,3206463,3207374,+
b3062,ttdB,EG11169,3207371,3207976,+
b3063,ttdT,EG12393,3208024,3209487,+
b3064,tsaD,EG11171,3209530,3210543,-
b3065,rpsU,EG10920,3210781,3210996,+
b3066,dnaG,EG10239,3211107,3212852,+
b3067,rpoD,EG10896,3213047,3214888,+
b3068,mug,EG12717,3214967,3215473,-
b3069,ileX,EG30046,3215598,3215673,+
b3070,nfeF,G7593,3215727,3216491,-
b3071,nfeR,G7594,3216779,3217402,+
b3072,aer,G7595,3217556,3219076,-
b3073,patA,G7596,3219494,3220873,+
b3074,ygjH,G7597,3220915,3221247,-
b3075,ebgR,EG10254,3221466,3222449,+
b3076,ebgA,EG10252,3222633,3225725,+
b3077,ebgC,EG10253,3225722,3226171,+
b3078,ygjI,EG12720,3226234,3227667,+
b3079,ygjJ,G7598,3227801,3228871,+
b3080,ygjK,G7599,3228888,3231239,+
b3081,fadH,G36,3231665,3233683,+
b3082,higA,G7601,3233728,3234144,-
b3083,higB,G7602,3234141,3234455,-
b3084,rlmG,G7603,3234739,3235875,-
b3085,ygjP,G7604,3235960,3236463,+
b3086,ygjQ,G7605,3236540,3237232,+
b3087,ygjR,G7606,3237311,3238297,+
b3088,alx,G7607,3238580,3239545,+
b3089,sstT,EG12732,3239944,3241188,+
b3090,ygjV,G7608,3241193,3241744,-
b3091,uxaA,EG12734,3241827,3243314,-
b3092,uxaC,G81,3243329,3244741,-
b3093,exuT,EG12738,3245224,3246522,+
b3094,exuR,EG12739,3246652,3247428,+
b4787,yqiM,G0-17033,3247668,3247751,+
b3095,yqjA,G7609,3247773,3248435,+
b3096,mzrA,G7610,3248439,3248822,+
b3097,yqjC,G7611,3248969,3249337,+
b3098,yqjD,G7612,3249375,3249680,+
b3099,yqjE,G7613,3249683,3250087,+
b3100,yqjK,G7614,3250077,3250376,+
b3101,yqjF,G7615,3250562,3250954,+
b3102,yqjG,G7616,3251024,3252010,+
b3103,yhaH,G7617,3252304,3252669,+
b3104,yhaI,G7618,3252911,3253267,+
b3105,yhaJ,G7619,3253318,3254214,-
b3106,yhaK,G7620,3254319,3255020,+
b3107,yhaL,G7621,3255043,3255207,+
b4470,cyuA,G7622,3255341,3256651,-
b3110,cyuP,EG12754,3256679,3258010,-
b4471,tdcG,G7624,3258285,3259649,-
b3113,tdcF,G7626,3259721,3260110,-
b3114,tdcE,G7627,3260124,3262418,-
b3115,tdcD,EG11172,3262452,3263660,-
b3116,tdcC,EG10991,3263686,3265017,-
b3117,tdcB,EG10990,3265039,3266028,-
b3118,tdcA,EG10989,3266127,3267065,-
b3119,tdcR,EG10992,3267380,3267598,+
b3120,yhaB,EG11173,3267854,3268393,+
b3121,yhaC,EG11174,3268415,3269602,+
b3123,rnpB,EG30069,3270216,3270592,-
b3124,garK,EG11175,3270625,3271770,-
b3125,garR,EG11176,3271867,3272751,-
b3126,garL,EG10016,3272787,3273557,-
b3127,garP,EG12760,3273573,3274907,-
b3128,garD,EG12522,3275282,3276853,+
b3129,prlF,EG10955,3277002,3277337,+
b3130,yhaV,G7629,3277337,3277801,+
b3131,agaR,G7630,3277856,3278665,-
b3132,kbaZ,G7631,3278914,3280194,+
b3133,agaV,G7632,3280217,3280690,+
b3136,agaS,G7634,3281976,3283130,+
b3137,kbaY,EG12768,3283143,3284003,+
b3138,agaB,EG12769,3284170,3284646,+
b3139,agaC,EG12770,3284685,3285488,+
b3140,agaD,G7635,3285478,3286269,+
b3141,agaI,G7636,3286270,3287025,+
b3142,yraH,G7637,3287426,3288010,+
b3143,yraI,G7638,3288090,3288785,+
b3144,yraJ,G7639,3288814,3291330,+
b3145,yraK,G7640,3291341,3292432,+
b3146,rsmI,G7641,3292475,3293335,-
b3147,lpoA,G7642,3293400,3295436,+
b3148,yraN,G7643,3295394,3295789,+
b3149,diaA,EG12780,3295809,3296399,+
b3150,dolP,G7644,3296409,3296984,+
b3151,yraQ,G7645,3297098,3298138,-
b3152,yraR,G7646,3298211,3298846,-
b3153,yhbO,G7647,3298974,3299492,+
b3154,yhbP,G7648,3299472,3299915,-
b3155,yhbQ,G7649,3299966,3300268,+
b3156,yhbS,G7650,3300255,3300758,-
b3157,ubiT,G7651,3300752,3301276,-
b3158,ubiU,G7652,3301485,3302480,+
b3159,ubiV,G7653,3302489,3303367,+
b3160,yhbW,G7654,3303448,3304455,+
b3161,mtr,EG10617,3304573,3305817,-
b3162,deaD,EG10215,3305971,3307860,-
b4685,yrbN,G0-10651,3307853,3307933,-
b3163,nlpI,EG12371,3308040,3308924,-
b3164,pnp,EG10743,3309033,3311168,-
b4449,sraG,G0-8870,3311183,3311398,+
b3165,rpsO,EG10914,3311415,3311684,-
b3166,truB,EG11177,3311833,3312777,-
b3167,rbfA,EG11178,3312777,3313178,-
b3168,infB,EG10505,3313342,3316014,-
b3169,nusA,EG10665,3316039,3317526,-
b3170,rimP,EG11179,3317554,3318006,-
b3171,metY,EG30061,3318213,3318289,-
b3172,argG,EG10068,3318637,3319980,+
b3173,yhbX,G7655,3319988,3321613,-
b3174,leuU,EG30050,3322072,3322158,-
b3175,secG,EG12095,3322173,3322505,-
b3176,glmM,EG11553,3322733,3324070,-
b3177,folP,EG50011,3324063,3324911,-
b3178,ftsH,EG11506,3325001,3326935,-
b3179,rlmE,EG11507,3327035,3327664,-
b3180,yhbY,EG12794,3327790,3328083,+
b3181,greA,EG10415,3328239,3328715,-
b3182,dacB,EG10202,3328963,3330396,+
b3183,obgE,G7656,3330582,3331754,-
b3184,yhbE,EG11499,3331770,3332735,-
b3185,rpmA,EG50002,3332862,3333119,-
b3186,rplU,EG50001,3333140,3333451,-
b3187,ispB,EG10017,3333710,3334681,+
b3188,sfsB,EG10656,3334909,3335187,+
b3189,murA,EG11358,3335235,3336494,-
b3190,ibaG,G7657,3336549,3336803,-
b3191,mlaB,G7658,3336963,3337256,-
b3192,mlaC,G7659,3337256,3337891,-
b3193,mlaD,EG12799,3337910,3338461,-
b3194,mlaE,EG12800,3338466,3339248,-
b3195,mlaF,EG12801,3339256,3340065,-
b3196,yrbG,EG12802,3340275,3341252,+
b3197,kdsD,G7662,3341266,3342252,+
b3198,kdsC,G7663,3342273,3342839,+
b3199,lptC,G7664,3342836,3343411,+
b3200,lptA,G7665,3343380,3343937,+
b3201,lptB,EG11680,3343944,3344669,+
b3202,rpoN,EG10898,3344717,3346150,+
b3203,hpf,EG11681,3346173,3346460,+
b3204,ptsN,EG11682,3346578,3347069,+
b3205,rapZ,EG12146,3347115,3347969,+
b3206,npr,EG12147,3347966,3348238,+
b3207,yrbL,G7667,3348452,3349084,+
b3208,mtgA,G7668,3349081,3349809,-
b3209,elbB,EG11383,3349806,3350459,-
b4450,arcZ,G0-8871,3350577,3350697,+
b3210,arcB,EG10062,3350689,3353025,-
b3211,yhcC,G7669,3353121,3354050,-
b3212,gltB,EG10403,3354725,3359185,+
b3213,gltD,EG10404,3359198,3360616,+
b3214,gltF,EG11514,3361176,3361940,+
b3215,yhcA,EG11515,3362112,3362786,+
b3216,yhcD,G7670,3362807,3365188,+
b3218,insH10,G7672,3365702,3366682,-
b3219,yhcF,G7673,3366926,3367642,+
b3220,yhcG,G7674,3367827,3368954,+
b3221,nanQ,G7675,3369014,3369478,-
b3222,nanK,G7676,3369475,3370350,-
b3223,nanE,G7677,3370347,3371036,-
b3224,nanT,G436,3371084,3372574,-
b3225,nanA,EG10637,3372683,3373576,-
b3226,nanR,G7678,3373698,3374489,-
b3227,dcuD,G7679,3374869,3376236,+
b3228,sspB,EG10978,3376279,3376776,-
b3229,sspA,EG10977,3376782,3377420,-
b3230,rpsI,EG10908,3377815,3378207,-
b3231,rplM,EG10874,3378223,3378651,-
b3232,zapE,G7680,3378870,3379997,-
b3233,yhcB,G7681,3380191,3380589,+
b3234,degQ,G7682,3380743,3382110,+
b3235,degS,EG11652,3382200,3383267,+
b3236,mdh,EG10576,3383330,3384268,-
b3237,argR,EG10070,3384703,3385173,+
b3238,yhcN,G7683,3385538,3385801,+
b3239,yhcO,G7684,3385857,3386129,-
b3240,aaeB,G7685,3386221,3388188,-
b3241,aaeA,G7686,3388194,3389126,-
b3242,aaeX,G7687,3389134,3389337,-
b3243,aaeR,G7688,3389520,3390449,+
b3244,tldD,G7689,3390583,3392028,-
b4472,yhdP,G7690,3392458,3396258,-
b3247,rng,EG11299,3396326,3397795,-
b3248,yhdE,EG11298,3397785,3398378,-
b3249,mreD,EG10610,3398387,3398875,-
b3250,mreC,EG10609,3398875,3399978,-
b3251,mreB,EG10608,3400044,3401087,-
b3252,csrD,EG10018,3401392,3403332,-
b3253,yhdH,EG11315,3403484,3404458,+
b3255,accB,EG10275,3405436,3405906,+
b3256,accC,EG10276,3405917,3407266,+
b3257,yhdT,G7693,3407375,3407617,+
b3258,panF,EG10685,3407607,3409058,+
b3259,prmA,EG11497,3409070,3409951,+
b3260,dusB,EG11311,3410280,3411245,+
b3261,fis,EG10317,3411271,3411567,+
b3262,yhdJ,EG11498,3411653,3412537,+
b3263,yhdU,G7694,3412621,3412800,+
b3264,envR,EG11741,3412803,3413465,-
b3265,acrE,EG10266,3413864,3415021,+
b3266,acrF,EG10267,3415033,3418137,+
b3267,yhdV,G7695,3418390,3418611,+
b3269,yhdX,EG12835,3420134,3421315,+
b3270,yhdY,EG12836,3421325,3422428,+
b3271,yhdZ,EG12837,3422436,3423194,+
b3272,rrfF,EG30091,3423423,3423542,-
b3273,thrV,EG30103,3423580,3423655,-
b3274,rrfD,EG30073,3423668,3423787,-
b3275,rrlD,EG30080,3423880,3426783,-
b3276,alaU,EG30009,3426958,3427033,-
b3277,ileU,EG30044,3427076,3427152,-
b3278,rrsD,EG30087,3427221,3428762,-
b3279,yrdA,G7696,3429236,3429790,+
b3280,yrdB,G7697,3429766,3430023,-
b3281,aroE,EG10077,3430020,3430838,-
b3282,tsaC,G7698,3430843,3431415,-
b3283,yrdD,G7699,3431420,3431962,-
b3284,smg,EG11605,3431991,3432464,-
b4473,smf,EG11604,3432436,3433560,-
b3287,def,EG11440,3433690,3434199,+
b3288,fmt,EG11268,3434214,3435161,+
b3289,rsmB,EG12163,3435207,3436496,+
b3290,trkA,EG11019,3436518,3437894,+
b3291,mscL,EG11180,3438024,3438434,+
b4550,arfA,G0-10465,3438431,3438649,-
b3292,zntR,EG11969,3438705,3439130,-
b3293,yhdN,EG11970,3439141,3439509,-
b3294,rplQ,EG10878,3439616,3439999,-
b3295,rpoA,EG10893,3440040,3441029,-
b3296,rpsD,EG10903,3441055,3441675,-
b3297,rpsK,EG10910,3441709,3442098,-
b3298,rpsM,EG10912,3442115,3442471,-
b3299,rpmJ,EG11232,3442618,3442734,-
b3300,secY,EG10766,3442766,3444097,-
b3301,rplO,EG10876,3444105,3444539,-
b3302,rpmD,EG10888,3444543,3444722,-
b3303,rpsE,EG10904,3444726,3445229,-
b3304,rplR,EG10879,3445244,3445597,-
b3305,rplF,EG10869,3445607,3446140,-
b3306,rpsH,EG10907,3446153,3446545,-
b3307,rpsN,EG10913,3446579,3446884,-
b3308,rplE,EG10868,3446899,3447438,-
b3309,rplX,EG10884,3447453,3447767,-
b3310,rplN,EG10875,3447778,3448149,-
b3311,rpsQ,EG10916,3448314,3448568,-
b3312,rpmC,EG10887,3448568,3448759,-
b3313,rplP,EG10877,3448759,3449169,-
b3314,rpsC,EG10902,3449182,3449883,-
b3315,rplV,EG10882,3449901,3450233,-
b3316,rpsS,EG10918,3450248,3450526,-
b3317,rplB,EG10865,3450543,3451364,-
b3318,rplW,EG10883,3451382,3451684,-
b3319,rplD,EG10867,3451681,3452286,-
b3320,rplC,EG10866,3452297,3452926,-
b3321,rpsJ,EG10909,3452959,3453270,-
b3322,gspB,EG11263,3453508,3453927,-
b3323,gspA,G7701,3453929,3455398,-
b3324,gspC,G7702,3455578,3456393,+
b3325,gspD,G7703,3456377,3458329,+
b3326,gspE,G7704,3458339,3459820,+
b3327,gspF,G7705,3459817,3461013,+
b3328,gspG,G7706,3461023,3461460,+
b3329,gspH,G7707,3461468,3461977,+
b3330,gspI,G7708,3461974,3462351,+
b3331,gspJ,G7709,3462344,3462931,+
b3332,gspK,G7710,3462924,3463907,+
b3333,gspL,G7711,3463922,3465085,+
b3334,gspM,EG12173,3465082,3465543,+
b3335,gspO,EG11359,3465543,3466220,+
b3336,bfr,EG10113,3466249,3466725,-
b3337,bfd,EG11181,3466797,3466991,-
b3338,chiA,EG11237,3467160,3469853,-
b3339,tufA,EG11036,3470145,3471329,-
b3340,fusA,EG10360,3471400,3473514,-
b3341,rpsG,EG10906,3473542,3474081,-
b3342,rpsL,EG10911,3474178,3474552,-
b3343,tusB,G7712,3474678,3474965,-
b3344,tusC,G7713,3474973,3475332,-
b3345,tusD,G7714,3475332,3475718,-
b3346,yheO,G7715,3475718,3476440,-
b3347,fkpA,G7716,3476607,3477419,-
b3348,slyX,EG11664,3477640,3477858,+
b3349,slyD,EG11663,3477907,3478497,-
b4551,yheV,G0-10466,3478592,3478792,-
b3350,kefB,EG20110,3478802,3480607,-
b3351,kefG,G7717,3480607,3481161,-
b3352,yheS,EG12903,3481289,3483202,+
b3353,yheT,G7718,3483202,3484224,+
b3354,yheU,G7719,3484218,3484436,+
b3355,prkB,EG12365,3484490,3485359,+
b3356,yhfA,EG11182,3485414,3485818,-
b3357,crp,EG10164,3486120,3486752,+
b3358,yhfK,G7721,3486791,3488893,+
b3359,argD,EG10066,3488960,3490180,-
b3360,pabA,EG10682,3490266,3490829,-
b3361,fic,EG10307,3490861,3491463,-
b3362,yhfG,EG12374,3491453,3491620,-
b3363,ppiA,EG10757,3491725,3492297,-
b3364,tsgA,EG11262,3492568,3493749,+
b3365,nirB,EG10653,3494011,3496554,+
b3366,nirD,EG10655,3496551,3496877,+
b3367,nirC,EG10654,3497003,3497809,+
b3368,cysG,EG10188,3497828,3499201,+
b3369,yhfL,G7722,3499448,3499615,+
b3370,frlA,EG12908,3499910,3501247,+
b3371,frlB,G7723,3501268,3502290,+
b4474,frlC,G7724,3502340,3503170,+
b3374,frlD,G7726,3503167,3503952,+
b3375,frlR,G7727,3504052,3504783,+
b3376,yhfS,G7728,3504935,3506020,-
b3377,yhfT,G7729,3506032,3507336,-
b3378,yhfU,G7730,3507348,3507701,-
b3379,php,G7731,3507712,3508590,-
b3380,yhfW,G7732,3508587,3509813,-
b3381,yhfX,G7733,3509813,3510976,-
b3382,yhfY,G7734,3511060,3511422,-
b3383,yhfZ,G7735,3511439,3512344,-
b3384,trpS,EG11030,3512634,3513638,-
b3385,gph,EG11871,3513631,3514389,-
b3386,rpe,M004,3514382,3515059,-
b3387,dam,EG10204,3515077,3515913,-
b3388,damX,EG11183,3516020,3517306,-
b3389,aroB,EG10074,3517398,3518486,-
b3390,aroK,EG10081,3518543,3519064,-
b3391,hofQ,EG12113,3519465,3520703,-
b3392,hofP,G7736,3520615,3521019,-
b3393,hofO,G7737,3521009,3521449,-
b3394,hofN,G7738,3521433,3521972,-
b3395,hofM,G7739,3521972,3522751,-
b3396,mrcA,EG10748,3522871,3525423,+
b3397,nudE,G7740,3525589,3526149,-
b3398,igaA,G7741,3526469,3528604,+
b3399,yrfG,G7742,3528669,3529337,+
b3400,hslR,G7743,3529348,3529749,+
b3401,hslO,G7744,3529774,3530652,+
b3402,yhgE,G7745,3530715,3532439,-
b3403,pck,EG10688,3532818,3534440,+
b3404,envZ,EG10269,3534516,3535868,-
b3405,ompR,EG10672,3535865,3536584,-
b3406,greB,EG11578,3536812,3537288,+
b3407,yhgF,G7746,3537385,3539706,+
b3408,feoA,EG12101,3540163,3540390,+
b3409,feoB,EG12102,3540407,3542728,+
b3410,feoC,EG12933,3542728,3542964,+
b3411,rpnA,EG11750,3543167,3544045,+
b3412,bioH,EG10122,3544074,3544844,-
b3413,yhgH,G7747,3544882,3545565,+
b3414,nfuA,G7748,3545624,3546199,+
b3415,gntT,EG12380,3546559,3547875,+
b3416,malQ,EG10561,3547986,3550070,-
b3417,malP,EG10560,3550080,3552473,-
b3418,malT,EG10562,3553085,3555790,+
b4475,rtcA,G7750,3555833,3556849,-
b3421,rtcB,G7751,3556853,3558079,-
b3422,rtcR,EG12356,3558268,3559866,+
b3424,glpG,EG10397,3560622,3561452,-
b3425,glpE,EG10395,3561497,3561823,-
b3426,glpD,EG10394,3562013,3563518,+
b3427,yzgL,G7752,3563724,3564005,-
b3428,glgP,EG10380,3564134,3566581,-
b3429,glgA,EG10377,3566600,3568033,-
b3430,glgC,EG10379,3568033,3569328,-
b3431,glgX,EG10381,3569346,3571319,-
b3432,glgB,EG10378,3571316,3573502,-
b4788,yhgO,G0-17034,3573660,3573701,-
b4789,yhgP,G0-17035,3573679,3573708,-
b3433,asd,EG10088,3573775,3574878,-
b3434,yhgN,G7753,3575071,3575664,+
b4476,gntU,EG12631,3575721,3577061,-
b3437,gntK,EG12629,3577065,3577592,-
b3438,gntR,EG12630,3577731,3578726,-
b3439,yhhW,G7756,3578950,3579645,-
b3440,yhhX,G7757,3579768,3580805,-
b4451,ryhB,G0-8872,3580922,3581016,-
b3441,yhhY,G7758,3581138,3581626,+
b3442,yhhZ,G7759,3581863,3583041,+
b3444,insA6,G7761,3583483,3583758,+
b3445,insB6,G7762,3583677,3584180,+
b4612,yrhD,G0-10603,3584404,3584559,+
b3446,yrhB,G7763,3584759,3585043,+
b3447,ggt,EG10374,3585081,3586823,-
b3448,yhhA,EG11184,3586943,3587383,+
b3449,ugpQ,EG11050,3587370,3588113,-
b3450,ugpC,EG11048,3588110,3589180,-
b3451,ugpE,EG11049,3589182,3590027,-
b3452,ugpA,EG11046,3590024,3590911,-
b3453,ugpB,EG11047,3591009,3592325,-
b3454,livF,EG10536,3592724,3593437,-
b3455,livG,EG10537,3593439,3594206,-
b3456,livM,EG10541,3594203,3595480,-
b3457,livH,EG10538,3595477,3596403,-
b3458,livK,EG10540,3596451,3597560,-
b3459,panZ,EG12211,3597984,3598367,+
b3460,livJ,EG10539,3598555,3599658,-
b3461,rpoH,EG10897,3599929,3600783,-
b3462,ftsX,EG10345,3601028,3602086,-
b3463,ftsE,EG10340,3602079,3602747,-
b3464,ftsY,EG10346,3602750,3604243,-
b3465,rsmD,EG10343,3604393,3604989,+
b3466,yhhL,EG12212,3604979,3605248,+
b3467,yhhM,EG12213,3605251,3605610,-
b3468,yhhN,EG12214,3605751,3606377,+
b3469,zntA,EG12215,3606451,3608649,+
b3470,tusA,EG12216,3608751,3608996,-
b3471,yhhQ,EG12217,3609217,3609882,+
b3472,dcrB,G7767,3609955,3610512,+
b3473,yhhS,EG12219,3610516,3611733,-
b3474,yhhT,EG12220,3611865,3612914,+
b3475,acpT,EG12221,3612969,3613556,+
b3476,nikA,EG12075,3613667,3615241,+
b3477,nikB,EG12076,3615241,3616185,+
b3478,nikC,EG12077,3616182,3617015,+
b3479,nikD,EG12078,3617015,3617779,+
b3480,nikE,EG12079,3617776,3618582,+
b3481,nikR,EG11519,3618588,3618989,+
b3482,rhsB,EG10847,3619192,3623427,+
b3483,yhhH,EG11520,3623399,3623782,+
b3484,yhhI,EG11525,3624378,3625514,+
b3485,yhhJ,EG11767,3625679,3626803,-
b3486,rbbA,EG12223,3626803,3629538,-
b3487,yhiI,EG12224,3629535,3630602,-
b4790,yhiY,G0-17036,3630665,3630778,-
b3488,yhiJ,EG12225,3630968,3632590,-
b3491,yhiM,EG12228,3634841,3635893,+
b3492,rdsA,EG12229,3636208,3637410,-
b3493,pitA,EG12230,3637642,3639141,+
b3494,uspB,EG12231,3639385,3639720,-
b3495,uspA,EG11390,3640111,3640545,+
b4791,yriA,G0-17037,3640612,3640686,-
b4792,yriB,G0-17038,3640643,3640696,-
b3496,dtpB,EG12232,3640862,3642331,+
b3497,rsmJ,EG12233,3642380,3643132,-
b3498,prlC,EG11441,3643140,3645182,-
b3499,rlmJ,EG12234,3645385,3646227,+
b3500,gor,EG10412,3646299,3647651,+
b4613,dinQ,G0-9981,3647705,3647788,-
b4712,agrA,G0-10751,3648063,3648144,+
b4713,agrB,G0-10752,3648294,3648375,+
b3501,arsR,EG12235,3648528,3648881,+
b3502,arsB,EG12236,3648935,3650224,+
b3503,arsC,EG12237,3650237,3650662,+
b3505,insH11,G7769,3652182,3653162,-
b3506,slp,EG11890,3653961,3654527,+
b3507,dctR,EG11889,3654683,3655213,+
b3508,yhiD,EG11400,3655255,3655902,-
b3509,hdeB,EG11399,3655966,3656292,-
b3510,hdeA,EG11398,3656408,3656740,-
b3511,hdeD,EG11495,3656995,3657567,+
b4704,arrS,G0-10694,3657985,3658054,-
b3512,gadE,EG11544,3658366,3658893,+
b4718,gadF,G0-16680,3658992,3659082,+
b3513,mdtE,EG12240,3659232,3660389,+
b3514,mdtF,EG12241,3660414,3663527,+
b3515,gadW,EG12242,3663890,3664618,-
b4452,gadY,G0-8914,3664864,3664969,+
b3516,gadX,EG12243,3664986,3665810,-
b3517,gadA,EG50009,3666180,3667580,-
b3518,ccp,EG12244,3667791,3669188,-
b3519,treF,EG12245,3669592,3671241,+
b3520,yhjB,EG12246,3671292,3671894,-
b3521,rcdB,EG12247,3672414,3673313,+
b3522,yhjD,EG12248,3673362,3674375,+
b3523,yhjE,EG12249,3674786,3676108,+
b3524,yhjG,EG12251,3676290,3678350,-
b3525,pdeH,EG12252,3678420,3679187,-
b3526,kdgK,EG12253,3679419,3680348,+
b3527,bipP,EG12254,3680444,3681940,-
b3528,dctA,EG20044,3682161,3683447,-
b3529,pdeK,EG12256,3683630,3685618,-
b3530,bcsC,EG12257,3685700,3689173,-
b3531,bcsZ,EG12258,3689155,3690261,-
b3532,bcsB,EG12259,3690268,3692607,-
b3533,bcsA,EG12260,3692618,3695236,-
b3535,yhjR,EG12262,3695997,3696185,-
b3536,bcsE,EG12263,3696458,3698029,+
b3537,bcsF,EG12264,3698026,3698217,+
b3538,bcsG,EG12265,3698214,3699893,+
b4453,ldrD,G0-9041,3699980,3700087,-
b4454,rdlD,G0-9042,3700136,3700199,+
b3539,yhjV,EG12266,3700563,3701834,+
b3540,dppF,EG12628,3701864,3702868,-
b3541,dppD,EG12627,3702865,3703848,-
b3542,dppC,EG12626,3703859,3704761,-
b3543,dppB,EG12625,3704771,3705790,-
b3544,dppA,EG10248,3706098,3707705,-
b3545,proK,EG30066,3708616,3708692,-
b3546,eptB,EG12267,3708784,3710475,-
b3547,yhjX,EG12268,3710799,3712007,-
b3548,yhjY,EG12269,3712236,3712934,-
b3549,tag,EG10986,3713092,3713655,+
b3550,yiaC,EG12270,3713652,3714092,+
b3551,bisC,EG10124,3714061,3716394,-
b3552,yiaD,EG12271,3716547,3717206,+
b3553,ghrB,EG12272,3717310,3718284,+
b3554,yiaF,EG12273,3718334,3719044,-
b3555,yiaG,EG12624,3719478,3719768,+
b3556,cspA,EG10166,3720049,3720261,+
b4793,ysaE,G0-17039,3720400,3720471,+
b4455,hokA,G0-9613,3720448,3720600,-
b3557,insJ,G7776,3720680,3721201,+
b3558,insK,G7777,3721198,3722049,+
b3559,glyS,EG10410,3722328,3724397,-
b3560,glyQ,EG10409,3724407,3725318,-
b4553,ysaB,G0-10467,3725413,3725712,-
b3561,wecH,EG12274,3725887,3726882,+
b3562,yiaA,EG11186,3726924,3727361,-
b3563,yiaB,EG11267,3727407,3727748,-
b3564,xylB,EG11075,3727917,3729371,-
b3565,xylA,EG11074,3729443,3730765,-
b3566,xylF,EG20252,3731131,3732123,+
b3567,xylG,EG12275,3732201,3733742,+
b3568,xylH,EG12276,3733720,3734901,+
b3569,xylR,EG20253,3734979,3736157,+
b3570,bax,EG11360,3736353,3737177,-
b4794,baxL,G0-17040,3737177,3737203,-
b3571,malS,EG11316,3737497,3739527,+
b3572,avtA,EG10107,3739705,3740958,+
b3573,ysaA,EG12277,3741109,3741582,-
b3574,plaR,EG12278,3741684,3742532,-
b3575,yiaK,EG12279,3742733,3743731,+
b3576,yiaL,EG12280,3743743,3744210,+
b3577,yiaM,EG12281,3744328,3744801,+
b3578,yiaN,EG12282,3744804,3746081,+
b3579,yiaO,EG12283,3746094,3747080,+
b3580,lyxK,EG12284,3747084,3748580,+
b3581,sgbH,EG12285,3748577,3749239,+
b3582,sgbU,EG12286,3749232,3750092,+
b3583,sgbE,EG12287,3750086,3750781,+
b3584,yiaT,EG12288,3751128,3751868,-
b3585,yiaU,EG12289,3751992,3752966,+
b3586,yiaV,EG12290,3752963,3754099,-
b3587,yiaW,EG12291,3754105,3754428,-
b3588,aldB,EG12292,3754973,3756511,-
b3589,yiaY,EG12293,3756676,3757827,-
b3590,selB,EG10942,3758017,3759861,-
b3591,selA,EG10941,3759858,3761249,-
b3592,yibF,EG11762,3761347,3761955,-
b3593,rhsA,EG10846,3762183,3766316,+
b3594,yibA,EG11187,3766337,3767179,+
b3596,yibG,EG11763,3768177,3768638,+
b4615,yibV,G0-10605,3769345,3769680,+
b3597,yibH,EG11764,3770243,3771379,-
b3598,yibI,EG11765,3771382,3771744,-
b3599,mtlA,EG10615,3772281,3774194,+
b3600,mtlD,EG10616,3774424,3775572,+
b3601,mtlR,EG11965,3775572,3776159,+
b4554,yibT,G0-10468,3776171,3776380,-
b3602,yibL,EG11964,3776665,3777027,+
b3603,lldP,EG11961,3777399,3779054,+
b3604,lldR,EG11962,3779054,3779830,+
b3605,lldD,EG11963,3779827,3781017,+
b3606,trmL,EG11888,3781215,3781688,+
b3607,cysE,EG10187,3781741,3782562,-
b3608,gpsA,EG20091,3782642,3783661,-
b3609,secB,EG10937,3783661,3784128,-
b3610,grxC,EG12294,3784191,3784442,-
b3611,yibN,EG12295,3784584,3785015,-
b3612,gpmM,EG12296,3785260,3786804,+
b3613,envC,EG12297,3786838,3788097,+
b3614,yibQ,EG12298,3788101,3789060,+
b3615,waaH,EG11266,3789047,3790081,-
b3616,tdh,EG10993,3790320,3791345,-
b3617,kbl,EG10512,3791355,3792551,-
b3618,htrL,EG11188,3792826,3793683,-
b3619,rfaD,EG10838,3793987,3794919,+
b3620,waaF,EG12210,3794929,3795975,+
b3621,waaC,EG11189,3795979,3796938,+
b3622,waaL,EG11424,3796948,3798207,+
b4795,yibX,G0-17041,3797772,3798014,-
b4796,yibY,G0-17042,3798039,3798149,-
b3623,waaU,EG11423,3798239,3799312,-
b3624,waaZ,EG11426,3799345,3800196,-
b3625,waaY,EG11425,3800267,3800965,-
b3626,waaJ,EG11353,3800983,3801999,-
b3627,waaO,EG11352,3802039,3803058,-
b3628,waaB,EG11351,3803058,3804137,-
b3629,waaS,EG11350,3804181,3805116,-
b3630,waaP,EG11340,3805153,3805950,-
b3631,waaG,EG11339,3805943,3807067,-
b3632,waaQ,EG11341,3807064,3808098,-
b4760,rirA,G0-16662,3808166,3808238,-
b3633,waaA,EG10520,3808540,3809817,+
b3634,coaD,EG11190,3809825,3810304,+
b3635,mutM,EG10329,3810343,3811152,-
b3636,rpmG,EG10891,3811250,3811417,-
b3637,rpmB,EG10886,3811438,3811674,-
b3638,yicR,EG11312,3811891,3812559,-
b3639,dfp,EG10004,3812731,3813951,+
b3640,dut,EG10251,3813929,3814387,+
b3641,slmA,EG11191,3814494,3815090,+
b3642,pyrE,EG10808,3815127,3815768,-
b3643,rph,EG10863,3815863,3816549,-
b3644,yicC,EG11192,3816676,3817539,+
b3645,dinD,EG11193,3817760,3818584,+
b3646,yicG,EG11683,3818874,3819491,+
b3647,ligB,EG11334,3819488,3821170,-
b3648,gmk,EG10965,3821428,3822051,+
b3649,rpoZ,EG10899,3822106,3822381,+
b3650,spoT,EG10966,3822400,3824508,+
b3651,trmH,EG10967,3824515,3825204,+
b3652,recG,EG10829,3825210,3827291,+
b3653,gltS,EG10406,3827460,3828665,-
b3654,xanP,EG11194,3828945,3830336,+
b3655,yicH,EG11684,3830457,3832166,+
b3656,yicI,EG11685,3832219,3834537,-
b3657,yicJ,EG11686,3834547,3835929,-
b3658,selC,EG30092,3836222,3836316,+
b3659,setC,EG11687,3836953,3838137,+
b3660,yicL,EG11688,3838248,3839171,+
b4797,yicU,G0-17043,3838642,3838701,-
b3661,nlpA,EG10657,3839175,3839993,-
b4555,yicS,G0-10469,3840215,3840508,+
b3662,nepI,EG11689,3840549,3841739,-
b3663,yicN,EG11690,3841950,3842402,-
b3664,adeQ,EG11691,3842455,3843789,-
b3665,adeD,EG11692,3843964,3845730,+
b3666,uhpT,EG11054,3845776,3847167,-
b3667,uhpC,EG11053,3847305,3848624,-
b3668,uhpB,EG11052,3848634,3850136,-
b3669,uhpA,EG11051,3850136,3850726,-
b3670,ilvN,EG10502,3850802,3851092,-
b3671,ilvB,EG10494,3851096,3852784,-
b3672,ivbL,EG11275,3852890,3852988,-
b4616,istR,G0-10201,3853118,3853257,-
b4618,tisB,G0-9962,3853553,3853642,+
b4798,ysdE,G0-17044,3853766,3853840,-
b3673,emrD,EG11693,3853922,3855106,+
b3674,yidF,EG11694,3855114,3855611,-
b3675,yidG,EG11695,3855608,3855970,-
b3676,yidH,EG11696,3855960,3856307,-
b3677,yidI,EG11697,3856415,3856864,+
b3678,yidJ,EG11705,3856911,3858404,-
b3679,yidK,EG11706,3858401,3860116,-
b3680,yidL,EG11707,3860283,3861176,+
b3681,b3681,,,,
b3682,glvB,EG11709,3861987,3862472,-
b3683,glvC,EG11710,3862497,3863603,-
b3684,yidP,EG11711,3863899,3864615,+
b3685,yidE,EG11536,3864612,3866273,-
b3686,ibpB,EG11535,3866469,3866897,-
b3687,ibpA,EG11534,3867009,3867422,-
b3688,yidQ,EG11712,3867728,3868060,+
b3689,yidR,EG11713,3868062,3869309,-
b3690,cbrA,EG11714,3869377,3870441,+
b3691,dgoT,EG20053,3870438,3871730,-
b4478,dgoD,GB4478,3871850,3872998,-
b4477,dgoA,EG20049,3872995,3873612,-
b3693,dgoK,EG20051,3873596,3874474,-
b4479,dgoR,G7789,3874471,3875160,-
b3696,yidX,EG11719,3875438,3876094,+
b3697,yidA,EG11195,3876140,3876952,-
b3698,yidB,EG11196,3877067,3877465,-
b3699,gyrB,EG10424,3877705,3880119,-
b3700,recF,EG10828,3880148,3881221,-
b3701,dnaN,EG10242,3881221,3882321,-
b3702,dnaA,EG10235,3882326,3883729,-
b4757,ysdD,G0-16751,3884026,3884106,+
b3703,rpmH,EG10892,3884336,3884476,+
b3704,rnpA,EG10862,3884493,3884852,+
b4557,yidD,G0-10470,3884816,3885073,+
b3705,yidC,EG11197,3885076,3886722,+
b3706,mnmE,EG10997,3886828,3888192,+
b3707,tnaC,EG11276,3888435,3888509,+
b3708,tnaA,EG11005,3888730,3890145,+
b3709,tnaB,EG11006,3890236,3891483,+
b3710,mdtL,EG11720,3891615,3892790,+
b3711,yidZ,EG11721,3892765,3893724,+
b3712,yieE,EG11722,3893881,3894630,+
b3713,yieF,EG11723,3894652,3895218,+
b3714,adeP,EG11724,3895272,3896609,-
b3715,yieH,EG11725,3896774,3897439,+
b3716,cbrB,EG11726,3897506,3897973,+
b3717,cbrC,EG11727,3898022,3898609,+
b3718,yieK,EG11728,3898671,3899393,-
b3719,yieL,EG11729,3899408,3900577,-
b3720,bglH,EG11364,3900604,3902220,-
b3721,bglB,EG10114,3902289,3903701,-
b3722,bglF,EG10115,3903720,3905597,-
b3723,bglG,EG10116,3905731,3906567,-
b3724,phoU,EG10735,3906853,3907578,-
b3725,pstB,EG10783,3907593,3908366,-
b3726,pstA,EG10782,3908549,3909439,-
b3727,pstC,EG10784,3909439,3910398,-
b3728,pstS,EG10734,3910485,3911525,-
b3729,glmS,EG10382,3911839,3913668,-
b3730,glmU,EG11198,3913830,3915200,-
b3731,atpC,EG10100,3915553,3915972,-
b3732,atpD,EG10101,3915993,3917375,-
b3733,atpG,EG10104,3917402,3918265,-
b3734,atpA,EG10098,3918316,3919857,-
b3735,atpH,EG10105,3919870,3920403,-
b3736,atpF,EG10103,3920418,3920888,-
b3737,atpE,EG10102,3920950,3921189,-
b3738,atpB,EG10099,3921236,3922051,-
b3739,atpI,EG10106,3922060,3922440,-
b3740,rsmG,EG10376,3923057,3923680,-
b3741,mnmG,EG10375,3923744,3925633,-
b3742,mioC,EG11199,3926012,3926455,-
b3743,asnC,EG10093,3926545,3927003,-
b3744,asnA,EG10091,3927155,3928147,+
b3745,viaA,EG11730,3928152,3929603,-
b3746,ravA,EG11731,3929597,3931093,-
b3747,kup,EG11541,3931316,3933184,+
b3748,rbsD,EG10817,3933351,3933770,+
b3749,rbsA,EG10814,3933778,3935283,+
b3750,rbsC,EG10816,3935288,3936253,+
b3751,rbsB,EG10815,3936278,3937168,+
b3752,rbsK,EG10818,3937294,3938223,+
b3753,rbsR,EG10819,3938227,3939219,+
b3754,hsrA,EG11732,3939185,3940612,-
b3755,yieP,EG11733,3940635,3941327,-
b3756,rrsC,EG30086,3941808,3943349,+
b3757,gltU,EG30033,3943435,3943510,+
b3758,rrlC,EG30079,3943704,3946607,+
b3759,rrfC,EG30072,3946700,3946819,+
b3760,aspT,EG30023,3946872,3946948,+
b3761,trpT,EG30105,3946957,3947032,+
b4480,hdfR,EG11449,3947128,3947967,-
b3764,maoP,EG11450,3948086,3948424,+
b3765,yifB,EG11260,3948449,3949969,-
b3766,ilvL,EG11270,3950322,3950420,+
b4669,ilvX,G0-10641,3950507,3950557,+
b3769,ilvM,EG10501,3952201,3952464,+
b3770,ilvE,EG10497,3952484,3953413,+
b3771,ilvD,EG10496,3953478,3955328,+
b3772,ilvA,EG10493,3955331,3956875,+
b3773,ilvY,EG10503,3956927,3957820,-
b3774,ilvC,EG10495,3957970,3959445,+
b3775,ppiC,EG12352,3959532,3959813,-
b3778,rep,EG10837,3960677,3962698,+
b3779,gpp,EG10413,3962745,3964229,-
b3780,rhlB,EG10844,3964365,3965630,-
b3781,trxA,EG11031,3965761,3966090,+
b3782,rhoL,EG12428,3966231,3966332,+
b3783,rho,EG10845,3966417,3967676,+
b3784,wecA,EG10840,3967916,3969019,+
b3785,wzzE,EG11295,3969031,3970077,+
b3786,wecB,EG11451,3970133,3971263,+
b3787,wecC,EG11452,3971260,3972522,+
b3788,rffG,EG11453,3972522,3973589,+
b3789,rffH,EG11454,3973608,3974489,+
b3790,rffC,EG11455,3974467,3975141,+
b3791,wecE,EG11456,3975146,3976276,+
b3792,wzxE,EG11486,3976278,3977528,+
b4481,wecF,G7800,3977525,3978604,+
b3793,wzyE,EG11457,3978601,3979953,+
b3794,rffM,EG11458,3979956,3980696,+
b3795,thrP,EG11459,3980887,3982272,+
b3796,argX,EG30017,3982375,3982451,+
b3797,hisR,EG30042,3982509,3982585,+
b3798,leuT,EG30049,3982606,3982692,+
b3799,proM,EG30068,3982735,3982811,+
b3800,aslB,EG10090,3982958,3984193,+
b3801,aslA,EG10089,3984352,3986007,-
b4456,glmZ,G0-8873,3986432,3986603,+
b3802,hemY,EG10434,3986686,3987882,-
b3803,hemX,EG10433,3987885,3989066,-
b3804,hemD,EG10430,3989088,3989828,-
b3805,hemC,EG10429,3989825,3990766,-
b3806,cyaA,EG10170,3991153,3993699,+
b3807,cyaY,EG11653,3993739,3994059,-
b3808,yzcX,G7802,3993850,3994335,+
b4558,lptM,G0-10471,3994522,3994725,+
b3809,dapF,EG10209,3994762,3995586,+
b3810,yigA,EG11201,3995583,3996290,+
b3811,xerC,EG11069,3996287,3997183,+
b3812,yigB,EG11202,3997183,3997899,+
b3813,uvrD,EG11064,3997983,4000145,+
b4482,yigE,EG11462,4000292,4001056,-
b4799,ysgD,G0-17045,4001218,4001274,+
b3816,corA,EG11463,4001426,4002376,+
b3817,yigF,EG11464,4002419,4002799,-
b3818,yigG,EG11465,4002813,4003193,-
b3819,rarD,EG11466,4003288,4004178,-
b3820,yigI,EG11467,4004230,4004697,-
b3821,pldA,EG10738,4004862,4005731,+
b3822,recQ,EG10833,4005864,4007693,+
b3823,rhtC,EG11468,4007757,4008377,+
b3824,rhtB,EG11469,4008439,4009059,-
b3825,pldB,EG10739,4009170,4010192,+
b3826,yigL,EG11470,4010200,4011000,+
b3827,bioP,EG11471,4011076,4011975,+
b3828,metR,EG10591,4011863,4012816,-
b3829,metE,EG10584,4013053,4015314,+
b3830,ysgA,G7804,4015354,4016169,-
b3831,udp,EG11045,4016431,4017192,+
b3832,rmuC,EG11472,4017333,4018760,+
b3833,ubiE,EG11473,4018855,4019610,+
b3834,ubiJ,EG11474,4019624,4020229,+
b4707,esrE,G0-10737,4019978,4020229,+
b3835,ubiB,EG11476,4020226,4021866,+
b3836,tatA,G7806,4021945,4022214,+
b3838,tatB,G7808,4022218,4022733,+
b3839,tatC,EG11479,4022736,4023512,+
b4483,tatD,EG11481,4023554,4024336,+
b3842,rfaH,EG10839,4024333,4024821,-
b3843,ubiD,EG11396,4024988,4026481,+
b3844,fre,EG10334,4026527,4027228,+
b3845,fadA,EG10278,4027609,4028772,-
b3846,fadB,EG10279,4028782,4030971,-
b3847,pepQ,EG10698,4031161,4032492,+
b3848,yigZ,EG11484,4032492,4033106,+
b3849,trkH,EG11021,4033145,4034596,+
b3850,hemG,EG11485,4034608,4035153,+
b3851,rrsA,EG30084,4035531,4037072,+
b3852,ileT,EG30043,4037141,4037217,+
b3853,alaT,EG30008,4037260,4037335,+
b3854,rrlA,EG30077,4037519,4040423,+
b3855,rrfA,EG30070,4040517,4040636,+
b3856,mobB,EG11828,4040906,4041433,-
b3857,mobA,EG11829,4041415,4041999,-
b3858,yihD,EG11830,4042069,4042338,+
b3859,srkA,EG11831,4042415,4043401,+
b3860,dsbA,EG11297,4043418,4044044,+
b3861,yihF,EG11832,4044199,4045629,+
b3862,yihG,EG11833,4045670,4046602,-
b3863,polA,EG10746,4046966,4049752,+
b3864,spf,EG30098,4049899,4050009,+
b3865,yihA,EG11203,4050133,4050765,-
b4457,csrC,G0-8874,4051036,4051281,+
b3866,yihI,EG11835,4051347,4051856,+
b3867,hemN,EG11836,4052045,4053418,+
b4686,yshB,G0-10657,4053647,4053757,-
b3868,glnG,EG10385,4053869,4055278,-
b3869,glnL,EG10387,4055290,4056339,-
b3870,glnA,EG10383,4056625,4058034,-
b3871,bipA,EG11837,4058407,4060230,+
b3872,yihL,EG11838,4060447,4061157,+
b3873,yihM,EG11839,4061165,4062145,+
b3874,yihN,EG11840,4062247,4063512,+
b3875,ompL,G7814,4063603,4064295,-
b3876,yihO,EG11841,4064363,4065766,-
b3877,yihP,EG11842,4065809,4067194,-
b3878,yihQ,EG11843,4067240,4069276,-
b3879,yihR,EG11844,4069475,4070401,-
b3880,yihS,EG11845,4070515,4071756,-
b3881,yihT,EG11846,4071773,4072651,-
b3882,yihU,EG11847,4072675,4073571,-
b3883,yihV,EG11848,4073739,4074635,+
b3884,csqR,EG11849,4074669,4075454,+
b3885,yihX,EG11850,4075553,4076152,+
b3886,yihY,EG11851,4076146,4077018,+
b3887,dtd,EG11852,4077015,4077452,+
b3888,madA,EG11853,4077449,4078438,+
b3889,yiiE,EG11854,4079291,4079509,+
b3890,yiiF,EG11855,4079751,4079969,+
b3891,fdhE,EG10284,4080299,4081228,-
b3892,fdoI,EG11856,4081225,4081860,-
b3893,fdoH,EG11857,4081857,4082759,-
b3894,fdoG,EG11858,4082772,4085822,-
b3895,fdhD,EG11859,4086016,4086849,+
b3896,yiiG,EG11860,4087002,4088057,+
b3897,frvR,EG11861,4088107,4089855,-
b3898,frvX,EG11862,4089855,4090925,-
b3899,frvB,EG11863,4090915,4092366,-
b3900,frvA,EG11864,4092377,4092823,-
b3901,rhaM,EG11865,4093124,4093438,-
b3902,rhaD,EG11866,4093448,4094272,-
b3903,rhaA,EG11867,4094723,4095982,-
b3904,rhaB,EG11868,4095979,4097448,-
b3905,rhaS,EG10843,4097736,4098572,+
b3906,rhaR,EG10842,4098646,4099494,+
b3907,rhaT,EG11313,4099491,4100525,-
b3908,sodA,EG10953,4100810,4101430,+
b3909,kdgT,EG11869,4101690,4102673,+
b3910,yiiM,EG11870,4102822,4103496,+
b3911,cpxA,EG10163,4103602,4104975,-
b3912,cpxR,EG10020,4104972,4105670,-
b4484,cpxP,G7816,4105820,4106320,+
b4716,cpxQ,G0-16649,4106330,4106387,+
b3915,fieF,EG11873,4106469,4107371,+
b3916,pfkA,EG10699,4107552,4108514,+
b3917,sbp,EG10929,4108834,4109823,+
b3918,cdh,EG10138,4109930,4110685,+
b3919,tpiA,EG11015,4110740,4111507,-
b3920,yiiQ,EG11874,4111615,4112214,-
b3921,yiiR,EG11875,4112315,4112755,+
b3922,yiiS,EG11876,4112967,4113266,+
b3923,uspD,EG11877,4113293,4113721,+
b3924,fpr,EG10628,4113726,4114472,-
b3925,glpX,EG11517,4114569,4115579,-
b3926,glpK,EG10398,4115714,4117222,-
b3927,glpF,EG10396,4117245,4118090,-
b3928,zapB,EG11878,4118515,4118760,+
b3929,rraA,EG11879,4118845,4119330,-
b3930,menA,EG11880,4119423,4120349,-
b3931,hslU,EG11881,4120416,4121747,-
b3932,hslV,EG11676,4121757,4122287,-
b3933,ftsN,EG11529,4122380,4123339,-
b3934,cytR,EG10200,4123431,4124456,-
b3935,priA,EG10763,4124612,4126810,-
b3936,rpmE,EG10889,4127013,4127225,+
b3937,yiiX,EG11882,4127286,4127894,-
b3938,metJ,EG10588,4128078,4128395,-
b3939,metB,EG10582,4128672,4129832,+
b3940,metL,EG10590,4129835,4132267,+
b3941,metF,EG10585,4132616,4133506,+
b3942,katG,EG10511,4133835,4136015,+
b3943,yijE,EG11902,4136108,4137013,+
b3944,yijF,EG11903,4137040,4137657,-
b3945,gldA,EG11904,4137932,4139035,-
b3946,fsaB,EG11905,4139046,4139708,-
b3947,ptsA,EG11906,4139720,4142221,-
b3949,frwC,EG11908,4142530,4143609,+
b3950,frwB,EG11909,4143624,4143944,+
b3951,pflD,EG11910,4143995,4146292,+
b3952,pflC,EG11911,4146258,4147136,+
b3953,frwD,EG11912,4147138,4147479,+
b3954,yijO,EG11913,4147466,4148317,-
b3955,eptC,EG11914,4148532,4150265,-
b3956,ppc,EG10756,4150447,4153098,-
b3957,argE,EG11286,4153696,4154847,-
b3958,argC,EG10065,4155001,4156005,+
b3959,argB,EG10064,4156013,4156789,+
b3960,argH,EG11223,4156850,4158223,+
b4458,oxyS,EG31116,4158278,4158394,-
b3961,oxyR,EG10681,4158490,4159407,+
b3962,sthA,EG11428,4159390,4160790,-
b3963,fabR,EG11394,4161067,4161771,+
b3964,yijD,EG11395,4161771,4162130,+
b3965,trmA,EG11022,4162170,4163270,-
b3966,btuB,EG10126,4163639,4165483,+
b3967,murI,EG11204,4165428,4166285,+
b3968,rrsB,EG30085,4166659,4168200,+
b3969,gltT,EG30032,4168372,4168447,+
b3970,rrlB,EG30078,4168641,4171544,+
b3971,rrfB,EG30071,4171637,4171756,+
b3972,murB,EG11205,4172057,4173085,+
b3973,birA,EG10123,4173082,4174047,+
b3974,coaA,EG10922,4174076,4175026,-
b3976,thrU,EG30102,4175388,4175463,+
b3977,tyrU,EG30107,4175472,4175556,+
b3978,glyT,EG30036,4175673,4175747,+
b3979,thrT,EG30101,4175754,4175829,+
b3980,tufB,EG11037,4175944,4177128,+
b3981,secE,EG10939,4177358,4177741,+
b3982,nusG,EG10667,4177743,4178288,+
b3983,rplK,EG10872,4178447,4178875,+
b3984,rplA,EG10864,4178879,4179583,+
b3985,rplJ,EG10871,4179996,4180493,+
b3986,rplL,EG10873,4180560,4180925,+
b3987,rpoB,EG10894,4181245,4185273,+
b3988,rpoC,EG10895,4185350,4189573,+
b3989,yjaZ,EG11429,4189786,4190325,+
b4691,sroH,G0-9388,4190327,4190487,-
b3990,thiH,EG11590,4190735,4191868,-
b3991,thiG,EG11589,4191865,4192635,-
b4407,thiS,G1,4192637,4192837,-
b3992,thiF,EG11587,4192821,4193576,-
b3993,thiE,EG11586,4193569,4194204,-
b3994,thiC,EG11585,4194204,4196099,-
b3995,rsd,EG11738,4196332,4196808,-
b3996,nudC,EG11702,4196903,4197676,+
b3997,hemE,EG11543,4197716,4198780,+
b3998,nfi,EG11915,4198790,4199461,+
b3999,yjaG,EG11916,4199504,4200094,+
b4000,hupA,EG10466,4200281,4200553,+
b4001,yjaH,EG11917,4200566,4201261,+
b4002,zraP,EG11918,4201263,4201688,-
b4003,zraS,EG10008,4201926,4203323,+
b4004,zraR,EG10482,4203320,4204645,+
b4005,purD,EG10792,4204642,4205931,-
b4006,purH,EG10795,4205943,4207532,-
b4007,rrsE,EG30088,4208147,4209688,+
b4008,gltV,EG30034,4209774,4209849,+
b4009,rrlE,EG30081,4210043,4212946,+
b4010,rrfE,EG30074,4213040,4213159,+
b4011,yjaA,EG11206,4213234,4213617,+
b4012,yjaB,EG11207,4213680,4214123,-
b4013,metA,EG10581,4214280,4215209,+
b4014,aceB,EG10023,4215478,4217079,+
b4015,aceA,EG10022,4217109,4218413,+
b4016,aceK,EG10026,4218596,4220332,+
b4017,arpA,EG11208,4220301,4222487,-
b4018,iclR,EG10491,4222804,4223628,-
b4019,metH,EG10587,4223828,4227511,+
b4020,yjbB,EG11919,4227731,4229362,+
b4021,pepE,EG11920,4229453,4230142,-
b4022,rluF,EG11921,4230354,4231226,+
b4023,yjbD,EG11922,4231359,4231631,-
b4024,lysC,EG10550,4231884,4233233,-
b4025,pgi,EG10702,4233758,4235407,+
b4026,yjbE,EG11923,4235906,4236148,+
b4027,yjbF,EG11924,4236262,4236900,+
b4028,yjbG,EG11925,4236897,4237634,+
b4029,yjbH,EG11926,4237634,4239730,+
b4620,yjbT,G0-10606,4239777,4240055,-
b4030,psiE,EG11209,4240325,4240735,+
b4031,xylE,EG11076,4240779,4242254,-
b4032,malG,EG10556,4242626,4243516,-
b4033,malF,EG10555,4243531,4245075,-
b4034,malE,EG10554,4245229,4246419,-
b4035,malK,EG10558,4246784,4247899,+
b4036,lamB,EG10528,4247971,4249311,+
b4037,malM,EG10559,4249554,4250474,+
b4039,ubiC,EG11369,4252506,4253003,+
b4040,ubiA,EG11370,4253016,4253888,+
b4041,plsB,EG10740,4254043,4256466,-
b4042,dgkA,EG10224,4256637,4257005,+
b4043,lexA,EG10533,4257115,4257723,+
b4044,dinF,EG11491,4257742,4259121,+
b4045,yjbJ,EG11928,4259237,4259446,+
b4046,zur,EG11929,4259488,4260003,-
b4047,yjbL,EG11930,4260321,4260575,+
b4048,yjbM,EG11931,4260599,4261306,+
b4049,dusA,EG11932,4261669,4262706,+
b4050,pspG,EG11933,4262840,4263082,+
b4758,pspH,G0-16700,4263139,4263249,+
b4051,qorA,EG11492,4263248,4264231,-
b4052,dnaB,EG10236,4264314,4265729,+
b4053,alr,EG10001,4265782,4266861,+
b4054,tyrB,EG11040,4267114,4268307,+
b4621,yjbS,G0-10607,4268809,4269012,-
b4055,aphA,EG11934,4269414,4270127,+
b4056,yjbQ,EG11935,4270238,4270654,+
b4057,yjbR,EG11936,4270658,4271014,+
b4058,uvrA,EG11061,4271049,4273871,-
b4059,ssb,EG10976,4274125,4274661,+
b4060,yjcB,EG11937,4274760,4275041,-
b4061,pdeC,EG11938,4275471,4277057,+
b4062,soxS,EG10958,4277060,4277383,-
b4063,soxR,EG10957,4277469,4277933,+
b4459,ryjA,G0-8875,4277926,4278066,-
b4064,ghxP,EG11939,4278479,4279828,+
b4065,yjcE,EG11940,4279980,4281629,+
b4066,yjcF,EG11941,4281783,4283075,-
b4067,actP,EG11942,4283253,4284902,-
b4068,yjcH,EG11943,4284899,4285213,-
b4069,acs,EG11448,4285413,4287371,-
b4070,nrfA,EG11781,4287764,4289200,+
b4071,nrfB,EG11945,4289245,4289811,+
b4072,nrfC,EG11946,4289808,4290479,+
b4073,nrfD,EG11947,4290476,4291432,+
b4074,nrfE,EG11948,4291512,4293170,+
b4075,nrfF,EG11949,4293163,4293546,+
b4076,nrfG,EG11950,4293543,4294139,+
b4077,gltP,EG10405,4294481,4295794,+
b4078,yjcO,EG11951,4296436,4297125,-
b4079,fdhF,EG10285,4297219,4299366,-
b4080,mdtP,EG11952,4299564,4301030,-
b4081,mdtO,EG11953,4301027,4303078,-
b4082,mdtN,EG11954,4303078,4304109,-
b4622,ytcA,G0-10608,4304128,4304403,-
b4083,yjcS,EG11955,4304612,4306597,-
b4084,alsK,EG11956,4306870,4307799,-
b4085,alsE,EG11957,4307783,4308478,-
b4086,alsC,EG11958,4308489,4309469,-
b4087,alsA,EG11959,4309448,4310980,-
b4088,alsB,EG12458,4311107,4312042,-
b4089,alsR,G7821,4312101,4312991,-
b4090,rpiB,EG11827,4313350,4313799,+
b4487,yjdP,G0-9541,4313868,4314197,+
b4092,phnP,EG10725,4314344,4315102,-
b4093,phnO,EG10724,4315104,4315538,-
b4094,phnN,EG10723,4315525,4316082,-
b4095,phnM,EG10722,4316082,4317218,-
b4096,phnL,EG10721,4317215,4317895,-
b4097,phnK,EG10720,4318006,4318764,-
b4098,phnJ,EG10719,4318761,4319606,-
b4099,phnI,EG10718,4319599,4320663,-
b4100,phnH,EG10717,4320663,4321247,-
b4101,phnG,EG10716,4321244,4321696,-
b4102,phnF,EG10715,4321697,4322422,-
b4105,phnD,EG10714,4323336,4324352,-
b4106,phnC,EG10713,4324377,4325165,-
b4107,yjdN,EG10712,4325298,4325741,-
b4108,yjdM,EG10711,4326399,4326734,-
b4109,rdcA,EG11210,4327135,4329363,+
b4110,rdcB,G7823,4329360,4330238,+
b4111,proP,EG11612,4330502,4332004,+
b4703,pmrR,G0-10707,4332116,4332205,+
b4112,basS,EG11614,4332181,4333272,-
b4113,basR,EG11615,4333282,4333950,-
b4114,eptA,EG11613,4333947,4335590,-
b4115,adiC,EG12462,4335694,4337031,-
b4116,adiY,EG11966,4337168,4337929,-
b4117,adiA,EG11501,4338254,4340521,-
b4118,melR,EG11230,4340720,4341628,-
b4119,melA,EG10577,4341911,4343266,+
b4120,melB,EG10578,4343369,4344790,+
b4121,yjdF,G7825,4344929,4345558,-
b4122,fumB,EG10357,4345680,4347326,-
b4123,dcuB,EG10006,4347404,4348744,-
b4124,dcuR,G7826,4349315,4350034,-
b4125,dcuS,G7827,4350031,4351662,-
b4126,yjdI,G7828,4351843,4352073,+
b4127,yjdJ,G7829,4352085,4352357,+
b4128,ghoS,G7830,4352584,4352880,+
b4559,ghoT,G0-10472,4352908,4353081,+
b4129,lysU,EG10553,4353200,4354717,-
b4130,dtpC,EG12469,4354954,4356411,-
b4131,cadA,EG10131,4356470,4358617,-
b4132,cadB,EG10132,4358697,4360031,-
b4133,cadC,EG10133,4360396,4361934,-
b4134,pheU,EG30064,4362551,4362626,-
b4135,dicD,EG12176,4362733,4363308,-
b4136,dsbD,EG12178,4363345,4365042,-
b4137,cutA,EG12177,4365018,4365356,-
b4138,dcuA,EG11225,4365472,4366773,-
b4139,aspA,EG10095,4366891,4368327,-
b4140,fxsA,G7832,4368664,4369140,+
b4141,yjeH,G7833,4369156,4370412,-
b4142,groS,EG10600,4370688,4370981,+
b4143,groL,EG10599,4371025,4372671,+
b4144,yjeI,G7834,4372809,4373162,+
b4145,yjeJ,G7835,4373365,4374234,-
b4146,epmB,G7836,4374629,4375657,-
b4147,efp,EG12099,4375699,4376265,+
b4410,ecnA,G0-41,4376317,4376442,+
b4411,ecnB,G0-9562,4376553,4376699,+
b4148,gdx,EG11616,4376875,4377192,+
b4149,blc,G7837,4377189,4377722,-
b4150,ampC,EG10040,4377811,4378944,-
b4151,frdD,EG10333,4379007,4379366,-
b4152,frdC,EG10332,4379377,4379772,-
b4153,frdB,EG10331,4379783,4380517,-
b4154,frdA,EG10330,4380510,4382318,-
b4155,epmA,EG11211,4382643,4383620,+
b4156,yjeM,EG12475,4383839,4385341,+
b4157,yjeN,G7838,4385393,4385707,+
b4158,yjeO,G7839,4385704,4386018,+
b4159,mscM,G7840,4386047,4389370,-
b4160,psd,EG10775,4389392,4390360,-
b4161,rsgA,G7841,4390457,4391509,-
b4162,orn,G7842,4391604,4392149,+
b4163,glyV,EG30038,4392360,4392435,+
b4164,glyX,EG30040,4392472,4392547,+
b4165,glyY,EG30041,4392583,4392658,+
b4670,yjeV,G0-10642,4392892,4392945,+
b4166,queG,G7843,4392928,4394067,-
b4167,nnr,EG11758,4394066,4395613,+
b4168,tsaE,EG11757,4395585,4396046,+
b4169,amiB,EG11363,4396065,4397402,+
b4170,mutL,EG11281,4397412,4399259,+
b4171,miaA,EG10595,4399252,4400202,+
b4172,hfq,EG10438,4400288,4400596,+
b4173,hflX,EG10437,4400672,4401952,+
b4174,hflK,EG10436,4402038,4403297,+
b4175,hflC,EG10435,4403300,4404304,+
b4176,yjeT,G7844,4404386,4404583,+
b4177,purA,EG10790,4404687,4405985,+
b4178,nsrR,EG11212,4406190,4406615,+
b4179,rnr,EG11259,4406654,4409095,+
b4180,rlmB,G7845,4409275,4410006,+
b4181,yjfI,G7846,4410133,4410534,+
b4182,yjfJ,G7847,4410553,4411251,+
b4183,yjfK,G7848,4411302,4411961,+
b4184,yjfL,G7849,4411979,4412377,+
b4185,yjfM,G7850,4412387,4413025,+
b4186,yjfC,EG11812,4413028,4414191,+
b4187,aidB,EG11811,4414275,4415900,+
b4188,yjfN,G7851,4416017,4416292,-
b4189,bsmA,G7852,4416441,4416770,-
b4190,yjfP,G7853,4416952,4417701,+
b4191,ulaR,G7854,4417698,4418453,-
b4192,ulaG,G7855,4418561,4419625,-
b4193,ulaA,G7856,4419980,4421377,+
b4194,ulaB,EG12494,4421393,4421698,+
b4195,ulaC,EG12495,4421708,4422172,+
b4196,ulaD,G7858,4422186,4422836,+
b4197,ulaE,G7859,4422846,4423700,+
b4198,ulaF,G7860,4423700,4424386,+
b4199,yjfY,G7861,4424516,4424791,-
b4200,rpsF,EG10905,4425118,4425513,+
b4201,priB,EG10764,4425520,4425834,+
b4202,rpsR,EG10917,4425839,4426066,+
b4203,rplI,EG10870,4426108,4426557,+
b4204,yjfZ,G7862,4426628,4427422,-
b4206,ytfB,G7864,4428079,4428717,-
b4207,fklB,G7865,4428935,4429555,+
b4208,cycA,EG12504,4429864,4431276,+
b4209,ytfE,G7866,4431321,4431983,-
b4210,ytfF,G7867,4432091,4433056,-
b4211,qorB,G7868,4433164,4434024,-
b4212,ytfH,G7869,4434113,4434493,+
b4213,cpdB,EG10160,4434622,4436565,-
b4214,cysQ,EG10043,4436755,4437495,+
b4215,ytfI,G7870,4437707,4438645,+
b4216,ytfJ,G7871,4438708,4439262,-
b4217,ytfK,G7872,4439587,4439793,+
b4218,paeA,G7873,4439872,4441215,-
b4219,msrA,EG11433,4441538,4442176,-
b4220,tamA,G7874,4442382,4444115,+
b4221,tamB,G7875,4444112,4447891,+
b4222,ytfP,G7876,4447894,4448235,+
b4224,chpS,EG11250,4448447,4448698,+
b4225,chpB,EG12096,4448692,4449042,+
b4226,ppa,EG10755,4449122,4449652,-
b4227,gafA,EG12517,4449962,4450918,+
b4485,gafB,EG12518,4451058,4452560,+
b4230,gafC,EG12520,4452571,4453596,+
b4231,gafD,EG12439,4453583,4454578,+
b4232,fbp,EG10283,4454611,4455609,-
b4233,mpl,EG12440,4455785,4457158,+
b4234,yjgA,EG11410,4457314,4457865,-
b4235,tldE,EG10741,4457959,4459311,+
b4237,nrdG,G812,4459900,4460364,-
b4238,nrdD,EG11417,4460522,4462660,-
b4239,treC,EG11402,4463054,4464709,-
b4240,treB,EG12127,4464759,4466180,-
b4241,treR,EG12202,4466299,4467246,-
b4702,mgtL,G0-10689,4467431,4467484,+
b4242,mgtA,EG12525,4467625,4470321,+
b4243,ridA,G7877,4470527,4470913,-
b4244,pyrI,EG10811,4470986,4471447,-
b4245,pyrB,EG10805,4471460,4472395,-
b4246,pyrL,EG11279,4472399,4472533,-
b4248,yjgH,G7879,4472814,4473209,-
b4249,bdcA,G7880,4473340,4474053,-
b4251,bdcR,G7882,4474124,4474717,+
b4252,tabA,G7883,4474862,4475314,+
b4253,yjgL,G7884,4475437,4477251,+
b4254,argI,EG10069,4477307,4478311,-
b4255,rraB,G7885,4478473,4478889,+
b4256,yjgM,G7886,4479034,4479537,-
b4257,yjgN,G7887,4479730,4480926,+
b4258,valS,EG11067,4480982,4483837,-
b4259,holC,EG11413,4483837,4484280,-
b4260,pepA,EG10694,4484440,4485951,-
b4800,ytgA,G0-17046,4486105,4486155,+
b4261,lptF,G7888,4486218,4487318,+
b4262,lptG,G7889,4487318,4488400,+
b4263,yjgR,G7890,4488561,4490063,-
b4264,idnR,G7891,4490141,4491139,-
b4265,idnT,EG12539,4491206,4492525,-
b4266,idnO,G7892,4492587,4493351,-
b4267,idnD,G7893,4493375,4494406,-
b4268,idnK,EG12152,4494623,4495186,+
b4269,ahr,EG11436,4495190,4496209,-
b4270,leuX,EG30053,4496405,4496489,+
b4272,insC6,G7894,4498272,4498637,+
b4273,insD6,G7895,4498595,4499500,+
b4277,yjgZ,G7899,4501260,4501589,+
b4278,insG,G7900,4502103,4503431,-
b4279,nanX,EG12544,4504058,4505275,+
b4280,nanY,G7901,4505287,4506405,+
b4655,ythA,G0-10616,4506448,4506573,+
b4284,insI3,G7905,4507466,4508617,-
b4287,fecE,EG10290,4510690,4511457,-
b4288,fecD,EG10289,4511458,4512414,-
b4289,fecC,EG10288,4512411,4513409,-
b4290,fecB,EG10287,4513406,4514308,-
b4291,fecA,EG10286,4514353,4516677,-
b4292,fecR,EG10292,4516764,4517717,-
b4293,fecI,EG10291,4517714,4518235,-
b4801,ykiE,G0-17047,4518372,4518440,+
b4294,insA7,G7908,4518527,4518802,+
b4295,yjhU,G7909,4519338,4520324,-
b4296,yjhF,EG12548,4520671,4522020,-
b4297,yjhG,G7910,4522127,4524094,-
b4298,yjhH,G7911,4524105,4525010,-
b4299,yjhI,G7912,4525015,4525803,-
b4300,sgcR,G7913,4526106,4526888,-
b4301,sgcE,G7914,4526905,4527537,-
b4302,sgcA,EG12554,4527549,4527980,-
b4624,ryjB,G0-10609,4527977,4528066,+
b4303,sgcQ,G7915,4528111,4528917,-
b4304,sgcC,EG12556,4528930,4530243,-
b4565,sgcB,G0-10241,4530255,4530533,-
b4305,sgcX,EG12557,4530530,4531651,-
b4306,yjhP,G7916,4532437,4533183,-
b4307,yjhQ,G7917,4533239,4533784,-
b4566,topAI,G0-10473,4533796,4534053,-
b4802,ythB,G0-17048,4536597,4536695,+
b4309,nanS,G7919,4536614,4537594,-
b4310,nanM,G7920,4537659,4538765,-
b4311,nanC,G7921,4538785,4539501,-
b4312,fimB,EG10309,4540957,4541559,+
b4313,fimE,EG10312,4542037,4542633,+
b4314,fimA,EG10308,4543115,4543663,+
b4315,fimI,EG11974,4543728,4544267,+
b4316,fimC,EG10310,4544304,4545029,+
b4317,fimD,EG10311,4545096,4547732,+
b4318,fimF,EG10313,4547742,4548272,+
b4319,fimG,EG10314,4548285,4548788,+
b4320,fimH,EG10315,4548808,4549710,+
b4321,gntP,EG12563,4549953,4551296,-
b4322,uxuA,EG11066,4551636,4552820,+
b4323,uxuB,EG20248,4552901,4554361,+
b4324,uxuR,EG20249,4554576,4555349,+
b4325,yjiC,G7922,4555490,4556320,-
b4720,ytiC,G0-16686,4556574,4556675,+
b4721,ytiD,G0-16687,4556654,4556797,+
b4722,idlP,G0-16685,4556913,4556996,+
b4326,iraD,G7923,4556993,4557385,+
b4327,hypT,G7924,4557378,4558289,-
b4328,iadA,G7925,4558354,4559526,-
b4329,yjiG,G7926,4559539,4560000,-
b4330,yjiH,G7927,4559997,4560680,-
b4331,kptA,G7928,4560930,4561484,+
b4332,yjiJ,G7929,4561497,4562675,-
b4333,yjiK,G7930,4562743,4563603,-
b4715,ytiA,G0-16640,4563668,4563925,-
b4334,yjiL,G7931,4563922,4564689,-
b4335,yjiM,G7932,4564699,4565850,-
b4336,yjiN,G7933,4565966,4567246,-
b4337,mdtM,EG12576,4567287,4568519,-
b4340,yjiR,G7936,4570162,4571574,-
b4341,yjiS,G7937,4571751,4571915,+
b4342,yjiT,G7938,4572414,4573931,+
b4345,mcrC,EG10575,4576912,4577958,-
b4346,mcrB,EG10574,4577958,4579337,-
b4347,symE,G7940,4579499,4579840,-
b4625,symR,G0-10610,4579835,4579911,+
b4348,hsdS,EG10460,4580068,4581462,-
b4349,hsdM,EG10458,4581459,4583048,-
b4350,hsdR,EG10459,4583249,4586761,-
b4351,mrr,EG10612,4586949,4587863,+
b4352,yjiA,EG10021,4587909,4588865,-
b4353,yjiX,G7941,4588876,4589079,-
b4354,btsT,G7942,4589129,4591279,-
b4355,tsr,EG11034,4591657,4593312,+
b4356,lgoT,EG12587,4593361,4594722,-
b4357,lgoR,G7944,4594937,4595851,-
b4358,lgoD,G7945,4595990,4597012,+
b4359,opgB,EG12591,4597150,4599441,-
b4360,yjjA,EG11214,4599695,4600189,-
b4361,dnaC,EG10237,4600238,4600975,-
b4362,dnaT,EG10244,4600978,4601517,-
b4363,yjjB,EG11215,4601624,4602097,-
b4364,yjjP,G7946,4602088,4602858,-
b4365,yjjQ,G7947,4603477,4604202,+
b4366,bglJ,G7948,4604160,4604837,+
b4367,fhuF,G7949,4604875,4605663,-
b4567,yjjZ,G0-10474,4605804,4606040,+
b4368,leuV,EG30051,4606079,4606165,-
b4369,leuP,EG30047,4606200,4606286,-
b4370,leuQ,EG30048,4606315,4606401,-
b4371,rsmC,G7950,4606669,4607700,-
b4372,holD,EG11414,4607803,4608216,+
b4373,rimI,EG10850,4608185,4608631,+
b4374,yjjG,EG12115,4608646,4609323,+
b4375,prfC,EG12114,4609414,4611003,+
b4376,osmY,EG11391,4611396,4612001,+
b4568,ytjA,G0-10475,4612128,4612289,+
b4377,yjjU,G7951,4612411,4613484,+
b4378,yjjV,G7952,4613481,4614260,+
b4379,yjjW,G7953,4614680,4615543,-
b4380,yjjI,EG12171,4615515,4617065,-
b4381,deoC,EG10221,4617323,4618102,+
b4382,deoA,EG10219,4618229,4619551,+
b4383,deoB,EG10220,4619603,4620826,+
b4384,deoD,EG10222,4620883,4621602,+
b4385,hipH,EG12342,4621769,4623100,+
b4386,lplA,EG11796,4623101,4624117,-
b4387,ytjB,EG10951,4624145,4624789,-
b4388,serB,EG10945,4624895,4625863,+
b4389,radA,EG11296,4625912,4627294,+
b4390,nadR,EG11335,4627315,4628547,+
b4391,ettA,EG12343,4628855,4630522,-
b4392,slt,EG10950,4630733,4632670,+
b4393,trpR,EG11029,4632760,4633086,+
b4394,yjjX,EG12600,4633233,4633745,-
b4395,ytjC,EG12164,4633797,4634444,+
b4396,rob,EG11366,4634441,4635310,-
b4397,creA,EG11217,4635521,4635994,+
b4398,creB,EG11218,4636007,4636696,+
b4399,creC,EG10730,4636696,4638120,+
b4400,creD,EG10145,4638178,4639530,+
b4401,arcA,EG10061,4639590,4640306,-
b4402,yjjY,G7954,4640402,4640542,+
b4403,yjtD,EG12309,4640942,4641628,+
